contrast,test,n,mean,sd,t,p_uncorrected,p_fdr_bh,cohen_dz,ci95_low,ci95_high
P300 target-standard,paired_t,24,3.425500589146998,0.8855794811959736,18.949690536374305,1.562020560542633e-15,4.686061681627899e-15,3.868089383147027,3.0515531703418306,3.799448007952165
Alpha reactivity eyes-closed minus open,paired_t,24,2.272337051252397,1.030106162981399,10.806781862326217,1.7340048072317062e-10,2.6010072108475593e-10,2.20592511035528,1.8373613670574904,2.707312735447303
Rejected epoch percent vs 10pct threshold,one_sample_t,24,-4.10930400090164,2.0194799666178516,-9.96860396396414,8.111656345920913e-10,8.111656345920912e-10,-2.0348327632998244,-4.962055602401736,-3.256552399401545
ERP waveform cluster target-standard,cluster_permutation_1samp,24,2.3896808239481007,0.6708875938104665,19.403339760199064,0.0009765625,0.0009765625,3.561969018349761,,
