project,path,size_bytes,sha256,extension,category
qeeg-64ch-research,projects/qeeg-64ch-research/README.md,2443,b2cc4137d0cf5a58591285e04dcede9f0afc9274327fd58d1ac1ab228e7e14ea,.md,documentation
qeeg-64ch-research,projects/qeeg-64ch-research/pyproject.toml,589,8cd7752047d7051322de29c0c0a79d911dc6b66343e864b865ac694fcf94e0c4,.toml,configuration-or-contract
qeeg-64ch-research,projects/qeeg-64ch-research/src/qlanalyser_eeg64/__init__.py,251,a6474520bac9c0fc7f1782faf555a83a5ab0f5b727cd6917b0b1dbc5374e70b0,.py,source
qeeg-64ch-research,projects/qeeg-64ch-research/src/qlanalyser_eeg64/__main__.py,846,659439a4910f69589294e34dbf88aa8e9b7bfd6646f4909d1bf4f03ce151cdef,.py,source
qeeg-64ch-research,projects/qeeg-64ch-research/src/qlanalyser_eeg64/aperiodic.py,1980,094a9c51109f1d6a2ea45afb1cb1c850d45d5158d2da681b3767afd4ef6fd053,.py,source
qeeg-64ch-research,projects/qeeg-64ch-research/src/qlanalyser_eeg64/complexity.py,4176,4bcbddda42d5bd086edb7a769d5ce865ce7f9d5276e60061654b9532d09e92d6,.py,source
qeeg-64ch-research,projects/qeeg-64ch-research/src/qlanalyser_eeg64/connectivity.py,5512,fe01762f200842f6e38b97840127d026fdfb3bad6e9b036fd0c6a56139323f2e,.py,source
qeeg-64ch-research,projects/qeeg-64ch-research/src/qlanalyser_eeg64/coupling.py,4501,6b61371db3c0a22a605be83910f42477af947d3f6a619f2a799f9be0580f0dc1,.py,source
qeeg-64ch-research,projects/qeeg-64ch-research/src/qlanalyser_eeg64/expanded_report.py,163979,23f998456e6276484c57863ce365ae903ae6c5e78e4e2ef8924f152a149f5ce8,.py,source
qeeg-64ch-research,projects/qeeg-64ch-research/src/qlanalyser_eeg64/gfp.py,15233,08c8bc2c321abf821afca3206b93a2797fdab8ff37aa74d38f5bec2197be2dd9,.py,source
qeeg-64ch-research,projects/qeeg-64ch-research/src/qlanalyser_eeg64/historical_exports.py,56002,5388916404e00257b044a89f7f0a0e863606a3c34f0ab84f385a61ca1ecdc08c,.py,source
qeeg-64ch-research,projects/qeeg-64ch-research/src/qlanalyser_eeg64/io.py,2165,8beacde130eca8811b439ef790cb2309924ef926ba7feb10ec11569b45f42f91,.py,source
qeeg-64ch-research,projects/qeeg-64ch-research/src/qlanalyser_eeg64/microstates.py,70477,0af660406d14e76eafd7b3d22122fb1835c7825d1b1b83a74c66dec2388cd3da,.py,source
qeeg-64ch-research,projects/qeeg-64ch-research/src/qlanalyser_eeg64/pipeline.py,4965,02ee7d301133e7f8e89dfb14ed33549db7fe468a80a7a477585de81d426368a6,.py,source
qeeg-64ch-research,projects/qeeg-64ch-research/src/qlanalyser_eeg64/preprocess.py,2261,fcad4f556185c1d9196c2794f9935ef15964e2c908b2ed20bcbd16327d1f5860,.py,source
qeeg-64ch-research,projects/qeeg-64ch-research/src/qlanalyser_eeg64/qc.py,18733,f5389dd2e383afae9e140b86fa71ae9450b422b7820f5ff6f68a58eda8650d44,.py,source
qeeg-64ch-research,projects/qeeg-64ch-research/src/qlanalyser_eeg64/registry.py,1823,dbff01463dd702d0c51b5a3e914584e9cd7f4f41a87286a2301de2523b9d4a33,.py,source
qeeg-64ch-research,projects/qeeg-64ch-research/src/qlanalyser_eeg64/report.py,39534,02226bf1a0b68274a46a6ba01aaef0a6aa8126c56435ce8b83032310516f3a86,.py,source
qeeg-64ch-research,projects/qeeg-64ch-research/src/qlanalyser_eeg64/spatial.py,1078,160802a0be8067dc990f9f695f02f553371258a3e22ba9477ad9afd68c640583,.py,source
qeeg-64ch-research,projects/qeeg-64ch-research/src/qlanalyser_eeg64/spectral.py,33183,4d9beb61a734e11b713d0ee45d69b8188a6caff66424f5d3e464825e3f9465b1,.py,source
qeeg-64ch-research,projects/qeeg-64ch-research/src/qlanalyser_eeg64_recovery.egg-info/PKG-INFO,564,9727af1e4b1043d3cccce7511566ec01c2e75ce143e0ad2c25298c796a109d1a,,other
qeeg-64ch-research,projects/qeeg-64ch-research/src/qlanalyser_eeg64_recovery.egg-info/SOURCES.txt,776,285e07f074eff0cde9e711b1c630f21ccb450708a41ed12158cd02e5da7fea82,.txt,documentation
qeeg-64ch-research,projects/qeeg-64ch-research/src/qlanalyser_eeg64_recovery.egg-info/dependency_links.txt,1,01ba4719c80b6fe911b091a7c05124b64eeece964e09c058ef8f9805daca546b,.txt,documentation
qeeg-64ch-research,projects/qeeg-64ch-research/src/qlanalyser_eeg64_recovery.egg-info/requires.txt,150,06b40bd0267ab3a0bfc71ab06211c797fbabf3743c35ab6e62bde563b58b9db4,.txt,documentation
qeeg-64ch-research,projects/qeeg-64ch-research/src/qlanalyser_eeg64_recovery.egg-info/top_level.txt,17,157178a87654fef82de3c835c364f6ab239e5c6dfd66688a0b7ad9d17f4e7efe,.txt,documentation
qeeg-64ch-research,projects/qeeg-64ch-research/tests/test_alpha_spectral_dispersion.py,4875,88cc2c475ea301c2265a45a16e46598000d3f1a03d5a292432189602945e75d8,.py,source
qeeg-64ch-research,projects/qeeg-64ch-research/tests/test_expanded_report_microstate_information.py,10597,89f876fef7ab2f2a5587413addfbfdcfcc732aae212171e7b955e84a77ffee02,.py,source
qeeg-64ch-research,projects/qeeg-64ch-research/tests/test_gfp_peak_export.py,1913,40e4616b4b8ea7db23432ba6c80c0ffee7688ca5757e29c8a414815542ff1b1e,.py,source
qeeg-64ch-research,projects/qeeg-64ch-research/tests/test_gfp_retained_intervals.py,6935,0f746dd7fa3720c35faf13a65ee354165bb28f043920ba89d24de5ae3d2e179d,.py,source
qeeg-64ch-research,projects/qeeg-64ch-research/tests/test_historical_exports_contract.py,11546,120afbc1314d6d0c6ddf28f7bb296b9142cc1af0188789f98ddb919a9ebaea94,.py,source
qeeg-64ch-research,projects/qeeg-64ch-research/tests/test_microstate_information.py,4797,27341dc0dad491d5215964808285e7a4ac9abae68e14b247f7e1be2651c6b4f2,.py,source
qeeg-64ch-research,projects/qeeg-64ch-research/tests/test_microstate_sequence_dynamics.py,11343,b29b7b51bf95f055b114889830853b6f878e08dce50a5a6abe18193fa58b9712,.py,source
qeeg-64ch-research,projects/qeeg-64ch-research/tests/test_microstate_sequence_exports.py,5396,b99d7f7e1341be69f85fa2101a86aadac9fee309202962aebfdc30240b6aa028,.py,source
qeeg-64ch-research,projects/qeeg-64ch-research/tests/test_qc_source_time_mapping.py,3418,83880227a7faa11959587bbc0024afaebeff6d301359d15dbdf6f755f684003b,.py,source
qeeg-64ch-research,projects/qeeg-64ch-research/tests/test_recovered_methods.py,2929,a77ddda7ece33532f0b714d5733640e4045e972adbf2fb4aa74367b896a07de9,.py,source
qeeg-64ch-research,projects/qeeg-64ch-research/tests/test_report_contract.py,1665,a43ec0e5263c447e88979e02ea8a921a4382ab963a90a2a56282db3658e27054,.py,source
qeeg-64ch-research,projects/qeeg-64ch-research/tests/test_report_qc_config.py,1526,44fd2178c22995da7e989d536b175e2e2998d6d5a58587f6a5b0a03e81cbba92,.py,source
qeeg-64ch-research,projects/qeeg-64ch-research/tests/test_saved_microstate_upgrade.py,11353,282b6f51a45f2c236c10ce0583ea96fdadd3762d33f7b5c96132630952d69380,.py,source
qeeg-64ch-research,projects/qeeg-64ch-research/tests/test_saved_report_refresh.py,24548,a382466b74e2b8a757c34c6e1971a20b539dda09ef17415a265324d1af350cbf,.py,source
qeeg-64ch-research,projects/qeeg-64ch-research/tests/test_spectral_recovery.py,2088,f0fafcf50ee7beb3e872d4fa500cf60692e8c3440db3c6dbb07b8a790cdb6d32,.py,source
spike-analysis,projects/spike-analysis/README.md,1640,7e50bbd4aed57f60b5923bc0eb61a385e44e50940df1128d4ed71978938a5416,.md,documentation
spike-analysis,projects/spike-analysis/__init__.py,312,9949bdfc749b87889afc037fa4f7c7c4c32b7aa4c8cecbd9b114a5448d7f77aa,.py,source
web-main,projects/web-main/.agents/skills/qlanalyser-clean-code-quality-gate/SKILL.md,4308,a0110c9b675c4e451ace3b25a0c3529ab64574e41f2a1e8b7cb8ddefae5d39c4,.md,documentation
web-main,projects/web-main/.agents/skills/qlanalyser-close-chat-handoff/SKILL.md,4660,e0073cbe40743ba4ddb203ee4ac1ff65ffaf0f3ddf0e8261189105dd10e89a85,.md,documentation
web-main,projects/web-main/.agents/skills/qlanalyser-continue-project-context/SKILL.md,2998,28326c3908218445758876826885a1a7ddbda2eb6c78e5fa7d703d63c6ac1d98,.md,documentation
web-main,projects/web-main/.agents/skills/qlanalyser-conversation-sync/SKILL.md,4608,1b30bc7815216b2071b9bb719b7d76ab31173217a32de25ce69453e1f9f34a93,.md,documentation
web-main,projects/web-main/.agents/skills/qlanalyser-git-guard/SKILL.md,3269,db942d516a60e5e085a3a85389da967f311b73f789daf44c66042ff9ed72fc3f,.md,documentation
web-main,projects/web-main/.agents/skills/qlanalyser-github-baseline-sync/SKILL.md,5843,c1683faba771d6e2289131a7ea6a53984a49769f48395ed6ac5ea62ae4fc5935,.md,documentation
web-main,projects/web-main/.agents/skills/qlanalyser-release-maintenance-gate/SKILL.md,3222,b4cd9e92ab445486cd1475ef19c9351459adbf0eb1426bf2ab16c0b2b0d44a09,.md,documentation
web-main,projects/web-main/.agents/skills/qlanalyser-team-orchestrator/SKILL.md,4252,34457f7b2525fde2f4402624ea4f9b2742fc4b657288b355ecfdd09803899da4,.md,documentation
web-main,projects/web-main/.agents/skills/qlanalyser-ui-business-flow-review/SKILL.md,2891,60e145cf466002a725df208211e52168987df092e1eb1a6fdcdb1d2cc0ba9203,.md,documentation
web-main,projects/web-main/.dockerignore,808,46b37d596c8f8ac95002fea351b3a316d4e6fa93bb9f7cdfaf946b208ee4b147,,other
web-main,projects/web-main/.gitignore,1038,1a0cdc9b63763f031c8851f164583fabe50dc9ca3d88c8b0f279c2ace84afeca,,other
web-main,projects/web-main/AGENT3_SECURITY_AUDIT_REPORT.md,21223,fa1e70b1539dac7d947f4caa8bc7b5153f397404bfbd4549859dc4fb5e289795,.md,documentation
web-main,projects/web-main/AGENTS.md,2902,f7ddcfb3077e7c3048ccb269e5ab8970f29b9fa0bde51f0beb0c1179c11b7dfd,.md,documentation
web-main,projects/web-main/DESIGN.md,2857,d239a7c023e9879732bb2fb9f771477cdca72d5ab2101e4a1e524108f30b3087,.md,documentation
web-main,projects/web-main/Dockerfile.backend,1712,35a7fd75f30a36641201b1173a8fad4615d6d09160867081000d769520c99493,.backend,other
web-main,projects/web-main/Dockerfile.frontend,812,6887b8021fa9d6a8b72a27c3a8305cac20c4c8bb1a967e6e05fe15153a6653a0,.frontend,other
web-main,projects/web-main/HANDOFF_FOR_NEXT_MODEL.md,6731,df1fa7255288ed5c41fc509c1cf924e3a9d8f233b25a7990b9bd2e3ec0e71153,.md,documentation
web-main,projects/web-main/HANDOFF_FOR_NEXT_SESSION.md,5885,d5d0b9c4cb1c3a5aeee27ac5a0248d44730205c576ad5aec68320cf929387fb0,.md,documentation
web-main,projects/web-main/HANDOFF_FOR_ZCODE_20260721.md,14166,63a338e4d9f55b4dd999dd65c1a2961960c5fb83e4f7525873685479431ed4c4,.md,documentation
web-main,projects/web-main/PRODUCT.md,1318,04d67cb1bc79c6b96573caf03340401bf382381e98cfe91d95166a93feef6788,.md,documentation
web-main,projects/web-main/PROJECT.md,1762,863c5d4bf05c6798ae7f2d365f02bc23a29442790c77e79c0f03b523da09c8ec,.md,documentation
web-main,projects/web-main/PROJECT_STATE.json,1925,a4649de030e60b8be418c8a55ff864ad06d0392f41bc7c49f62967e32c11b050,.json,configuration-or-contract
web-main,projects/web-main/README.md,8086,2afb4e03880b03eefdbb4f6a033e174a22aaf4164682d052eb76d2db75cf9b22,.md,documentation
web-main,projects/web-main/SECURITY_REVIEW_AGENT2.md,7107,2c3038fc9aed6f4d295353426e6bcf39c083837efef52810c371d0396cd745cc,.md,documentation
web-main,projects/web-main/SECURITY_SUMMARY_AGENT2.md,4870,bab030cf0b92c6c7a62e1995edaedc23befab4a22b57cafb3ac4c1ccbf8cc28b,.md,documentation
web-main,projects/web-main/adversarial_security_report.json,3381,06f60acc42054ea1e031e4908164a9e918e367d5e14e946d5230fb190f2bf170,.json,configuration-or-contract
web-main,projects/web-main/backend/__init__.py,53,31896b86a21c6d7c01a6adc1fc2090b74cea2b23e6cca99a6df39b683b894e49,.py,source
web-main,projects/web-main/backend/api/__init__.py,27,6f640b1120aea81cd00d47781fa72c82adfbb4009cfc5ba0989fcc7ae9098a6f,.py,source
web-main,projects/web-main/backend/api/accounts.py,777,9999f410ba46a3f3102ce417d9f0256a82f81fe93dec9c04526328df1f3538f9,.py,source
web-main,projects/web-main/backend/api/admin.py,2701,9d466b34240e83f09a0c16d3ce1c51c11136c49a4ce51fa0eaa45e79b6882691,.py,source
web-main,projects/web-main/backend/api/artifacts.py,1757,97ab4858b977c759af3048f725bb703aca6fdd919633e372692e866790024476,.py,source
web-main,projects/web-main/backend/api/billing.py,4060,fe05b0bb98943370c6d7397f58911277680db91aa8b4397b7ed84f2db4d40e0f,.py,source
web-main,projects/web-main/backend/api/data_crud.py,1996,f1bc361810e50989337baf38f639fecb1d8d2986b106fb39b0d3134ad84d1354,.py,source
web-main,projects/web-main/backend/api/data_preparation.py,10219,d8b03e880a6808183960bb46565bb736ddcf14828453e5b976d5c0413677cde4,.py,source
web-main,projects/web-main/backend/api/eeg_files.py,4037,70e6b7f165d2c276494d6b369f7bc48446f28613a0f05b43dcdcac9491668759,.py,source
web-main,projects/web-main/backend/api/epilepsy_phase_validator.py,16766,d77e4f6af6261702062f4b6102afbff78ab895e235613be2cb26eb87d2408f09,.py,source
web-main,projects/web-main/backend/api/epilepsy_workbench.py,62459,eb793cf5fd41e5f37df9a4d02bfdf76b602c33dd7d80b3334b5120e520578fb8,.py,source
web-main,projects/web-main/backend/api/health.py,712,0217c6a7b20c67e180b5d216e4132814892701a058cf0dfe758a4b036cf42136,.py,source
web-main,projects/web-main/backend/api/lab_demo.py,13068,963d02e77d67ae2b1ef99985bc90154d45a9882ccd561f955480f1038b567f58,.py,source
web-main,projects/web-main/backend/api/lab_edf_reviewer.py,6140,72995c06a6cc6f6e5d7ff9aa60e6abbf1ce7037cb90dd998ae39294d4a5b3212,.py,source
web-main,projects/web-main/backend/api/lab_epilepsy_full_flow.py,66089,d124851d9600d58b35496390f2e5f30db629a50d1d9f55131f2d7171ded4f016,.py,source
web-main,projects/web-main/backend/api/projects.py,6265,ec1466d43f082a02ed6bf6047a7355fc237c63996e9b95e7e9f1aa32733b60a3,.py,source
web-main,projects/web-main/backend/api/reports.py,2708,d1ee895d02765cd925c358599c6fa0bb671f0800a4adedeae44d43358bc4d1fb,.py,source
web-main,projects/web-main/backend/api/subjects.py,1069,286e03551dc163fe734d867627d73a1452ec32d2ffd31ae17fed96fd6c51deed,.py,source
web-main,projects/web-main/backend/api/tasks.py,6270,6fdef24f01459e7c275e9838a99503093bbe751489ef5116ad3db9827271a1f4,.py,source
web-main,projects/web-main/backend/api/teaching_data.py,6872,55a616691229a57b0943b19359ef2460b0c54e2ba6add2baeaf7fe3cfbfba535,.py,source
web-main,projects/web-main/backend/api/templates.py,967,d4abaea9759959b3b2adb6d2af62529aed6daef5a284a2023faee7c492c32f64,.py,source
web-main,projects/web-main/backend/api/test_epilepsy_phase_validator.py,15642,16ce0c6c082bb72e39f8bf28bd8e0c3163ff2c479fdf2082807742c1a5adbac5,.py,source
web-main,projects/web-main/backend/api/workflow.py,912,d42a80e578ce5b355c281404d4b1c8f5b220f34f70f6980a73c3aed9c028e051,.py,source
web-main,projects/web-main/backend/main.py,4604,421beae5214aaf03eaddb46b3b35bdc2a1ba9d6c393fe05aec3fd9cdaae548ee,.py,source
web-main,projects/web-main/backend/models/__init__.py,31,b499e7054cd33c0b87d71e0a9e2c54ad6716b5dce5c12c313606d67edba6ed09,.py,source
web-main,projects/web-main/backend/models/analysis_task.py,1438,262fcd6a58cac55ab5bf55b523e2a7886531ddbf34e62ccd037ed0ad1f5c5a72,.py,source
web-main,projects/web-main/backend/models/artifact.py,875,79bfc7c89d1d336f85852655237a9591fc38ff8eee3211dd6c91d53f6397fd50,.py,source
web-main,projects/web-main/backend/models/base.py,207,beb5ebc948946cff451e76dd65b0ffe5cbb37537ef03fe7f9ae0b4071c662afd,.py,source
web-main,projects/web-main/backend/models/data_preparation.py,12301,5895948c2446ea3cbd5e76e9229df2923989241665c13bcb8f5f2f5ecf56647e,.py,source
web-main,projects/web-main/backend/models/eeg_file.py,1564,bb29dc039a41732b62ad38667614145be77f4e179fc7e090d92b74cc1cb3b2bd,.py,source
web-main,projects/web-main/backend/models/governance.py,4926,0b525b14f03644b101f099d0094415ab329e42c2799d4e538466da9d3c7d1314,.py,source
web-main,projects/web-main/backend/models/project.py,1008,34f663dad6f453009f99972d639f5edd078f86970775d6a298bcd861520b89b0,.py,source
web-main,projects/web-main/backend/models/public_api.py,12457,0e700fa78e9d34002c8d18224e05ed8a8d7eb90a64f102cf1c581c18e172f9db,.py,source
web-main,projects/web-main/backend/models/report.py,1036,6061e7c82321cffdc61e39cd326caa90319f0686297fe24ad4ecd71d248383f5,.py,source
web-main,projects/web-main/backend/models/session.py,241,84e4a8e6ebe63cca158218fac8d3d8cdbc5ae270328c2ecd89de53f9ced52e94,.py,source
web-main,projects/web-main/backend/models/subject.py,356,b673007c196c7f9539e60ed63b8278c34e2af5968d562c2182becce253ec88bb,.py,source
web-main,projects/web-main/backend/services/__init__.py,48,a915180d1b91207ef4524b365aaf0c3d17b1bdffcfe35615eb550ce5c62d09b4,.py,source
web-main,projects/web-main/backend/services/account_service.py,14462,344a21d2fcac459de36395712a4df76eed8ccfc8fa750baf66875dd5193f417d,.py,source
web-main,projects/web-main/backend/services/audit_service.py,1644,51d72aa0e1318d3d1d15c86efb960612ab604d366e5ac4b0bb1c3fe27209d801,.py,source
web-main,projects/web-main/backend/services/backup_service.py,3328,7de4698d6932e366944d90a99e167c5df3f339e261573df5acdd201d139aed23,.py,source
web-main,projects/web-main/backend/services/billing_service.py,13004,30d061bca0e26be492d2091f8c00ff4cd425d7adf6212b1de4cb7a8584d6229e,.py,source
web-main,projects/web-main/backend/services/customer_delivery_service.py,4563,c057d3132f5f748840a1e7b5c9ed3e8b36f7ca4b96345c039af7dc690fa7c097,.py,source
web-main,projects/web-main/backend/services/data_preparation_service.py,34197,c87b9fa801f4ae13845b73c9cbe00a5eaa3366cd65d2252e260fa09c5e6b15e7,.py,source
web-main,projects/web-main/backend/services/data_source_policy.py,4704,afd210b2bd338d8e9064db36ffdf3942b6f8365edcaebb6b6779dd119943db33,.py,source
web-main,projects/web-main/backend/services/invoice_service.py,7796,2e72fed1351ffffede385e738dc94a4b56c340fc8240bc28d4aa5f5436a35dad,.py,source
web-main,projects/web-main/backend/services/lab_demo_service.py,16110,8042f0909e4a0ca8042f0c8ce073da783509e11e8116485a4510131857cc3e1a,.py,source
web-main,projects/web-main/backend/services/lab_edf_reviewer_service.py,8324,95d3835f5d9d1a885aca885536e9d230559e1734360015a9d5f22b5687bf703b,.py,source
web-main,projects/web-main/backend/services/metadata_service.py,505,7b93b6d848138dae82384aac91ae49cb86bf98c4c24f3acda207f76e899ae2d1,.py,source
web-main,projects/web-main/backend/services/module_contract_service.py,6022,d70907cebb76b2b1e56bb48ab93387306ec73009b8b4ae37e40ffe2a83c32085,.py,source
web-main,projects/web-main/backend/services/object_storage_service.py,13829,c569eb613ca9a8ea0b589645fc5078c6a337dfe4130eb60357507e78eccc8f8f,.py,source
web-main,projects/web-main/backend/services/product_catalog.py,4852,00904437569a4765d84db8a9e0013b3f6d90c528d071ae314880500b6e448fb8,.py,source
web-main,projects/web-main/backend/services/quota_service.py,3266,fb5adfa9d36a73600e4b555c124ec406401e1c549e5e7aea5afbebe9b6542016,.py,source
web-main,projects/web-main/backend/services/readiness_service.py,3978,c5420658193f736a1aa845dc192b1a951750b7b0113efa8c8238e26cdd4ee141,.py,source
web-main,projects/web-main/backend/services/report_service.py,32514,f656caf178bc06657ceaa46fed872c26b0c22efa73a14bf1a9c4615d4904a351,.py,source
web-main,projects/web-main/backend/services/state_store.py,11022,ff839a34db7b1b61550808f6b033d0da519f7e042a7d0a5f824ef8e2175825fd,.py,source
web-main,projects/web-main/backend/services/storage_service.py,18593,262f11511dce5b7473dbd8e34161201f1775c3f461551b23a849feda345694d9,.py,source
web-main,projects/web-main/backend/services/task_service.py,40592,163c8d372d8d995ff64f96bf11d5dd948d7fd90a6a37af7025ca79fd1906acf2,.py,source
web-main,projects/web-main/backend/services/teaching_data_service.py,14038,61313d4e9f555c8849385ad4eac0bc365d24ff643469de3a2a055e6adfd7cc9d,.py,source
web-main,projects/web-main/backend/services/waveform_chunk_service.py,8346,772e67dc23edd57ca108e4e017c02c1c9f9f4c8d9fe2e70a043b9bac8963fa66,.py,source
web-main,projects/web-main/deploy/aliyun/DEPLOYMENT_CHECKLIST.md,12425,602453af386242546a35ff76abc44626905b97f96fb12615e08b0dea2d0ae85d,.md,documentation
web-main,projects/web-main/deploy/aliyun/QUICKSTART.md,5286,65a1c912d6ca7aee3e025869661df18be18915b1db3952f46a5828b2ecfc1549,.md,documentation
web-main,projects/web-main/deploy/aliyun/README_DEPLOYMENT.md,18532,9e7cbc2c8cf73b95105533d2bb507ac0309b89a6aa33fbc71058a1348fb15077,.md,documentation
web-main,projects/web-main/deploy/aliyun/SUMMARY.md,9916,bfc1268ddb97796762672b6ed32a677db1cb7fe59a076cd952f92e3750f9a4cc,.md,documentation
web-main,projects/web-main/deploy/aliyun/deploy.sh,6988,960e15088fdc5a9da678e0d42d3cc7d708fbe1f115a3a20545686e69211a668d,.sh,other
web-main,projects/web-main/deploy/aliyun/monitoring.yml,9048,689ed597eea0422b045bd0564bb64140aaa8045225a5d63ade32734f05d5ff40,.yml,configuration-or-contract
web-main,projects/web-main/deploy/aliyun/nginx.production.conf,6368,16c31991d4d0014c7c6fd013852f3b94ee5d6943251fccce95c48ba8ba903f34,.conf,other
web-main,projects/web-main/deploy/aliyun/nginx.single-origin.conf,2349,51977d701b768d48ea434a19b4b9637fa0ea80c3b0bfd8241cced3ad2daf8c78,.conf,other
web-main,projects/web-main/deploy/aliyun/production.env.template,5483,acfb245e9d3377e491e293ee40d6e6c244c72b6f8f56ab55a956ffb24700b32c,.template,other
web-main,projects/web-main/deploy/aliyun/qlanalyser-v01-staging.env.example,1441,2a19c8befac06254d7ab4a3c7112ed2582e0e04c87e81343570bf42d51ea484f,.example,other
web-main,projects/web-main/deploy/aliyun/rollback.sh,3724,af69d077a14cc39859609ac1ee99cccb63cfb8a3719aa1230862a1c8635e74d5,.sh,other
web-main,projects/web-main/docker-compose.prod.yml,4590,bec5e81661f30bce582c55fda17dbd9bc8ee84a3c9e8fb11d955e478f9541a88,.yml,configuration-or-contract
web-main,projects/web-main/docs/AI_CONVERSATION_SYNC.md,2531,37d5fa02919b8c91f24ecb5ae41f9020a760b1ec2e723e6d353002c8b1dd3496,.md,documentation
web-main,projects/web-main/docs/AI_HANDOFF_CURRENT.md,4370,f49d5f09c6f3a6884ef5e7bb0bfc5cf7f76847854dd7ddf64eb8c31c940cab3b,.md,documentation
web-main,projects/web-main/docs/ANALYSIS_MODULES_INVENTORY.md,9222,cd020aafd2fa99833971d31403b42b928391fcab94b1996d48d6cf960927e529,.md,documentation
web-main,projects/web-main/docs/DECISIONS.md,5998,5bbdc8d969429d312c9b7f2c0d7414768cd4dd46fa086f068f2fdf6f78630019,.md,documentation
web-main,projects/web-main/docs/FOUR_CONVERSATION_WORKFLOW.md,11483,3914eb894c558663b3ed84ad2e21afb60aaf2eaf8b8741c290dd96a5f46494d1,.md,documentation
web-main,projects/web-main/docs/PROJECT_HUB.md,13091,b6d9fc842aadeb45b5cdaeb9d1ab23725cd1087f741f3cfcfcd05a1155474bcb,.md,documentation
web-main,projects/web-main/docs/PROJECT_STATUS.md,100065,929fe8fb7e7ee2fb48626c6f2db12189e63e876568ba35b9944e973de3490015,.md,documentation
web-main,projects/web-main/docs/PROJECT_STATUS_CURRENT.md,7485,35930e112b24a353a029e943a11ae7f6c439b05a7277263b2ec7a8cf0d767fc9,.md,documentation
web-main,projects/web-main/docs/SECURITY_AUDIT_REPORT.md,5837,aa22f6ec75ed7a5ebae2ea3d576a06fcccaa9ce9b96ce3e888b6b9f9410894ea,.md,documentation
web-main,projects/web-main/docs/TASK_LOG.md,135538,ba986c6a5ecac0755615970a62421e8777fe5221e5fbc0564acb390dc4a48114,.md,documentation
web-main,projects/web-main/docs/TEAM_OPERATING_MODEL.md,8525,331c4b1b6d01c496b2c33c2469b2bc7dd191cd379f41cc2d686027cf4f5d2dd2,.md,documentation
web-main,projects/web-main/docs/TWO_WEEK_ALIYUN_V1_WAR_PLAN.md,9560,65297bab26e9782b8b297578d1d3fea4b4b1b0ba5f0793ff7cf36a9352357892,.md,documentation
web-main,projects/web-main/docs/architecture/README.md,638,730f3f77f65774049fe55999f02ce17d68d825cd274759c4dff4ffddf59771b7,.md,documentation
web-main,projects/web-main/docs/architecture/aliyun_v1_contract_freeze.md,7789,01cefe1b6acfe75f1333a3e3a056357f444891ffaefd2376afa98ce0aef7b853,.md,documentation
web-main,projects/web-main/docs/architecture/project_workbench_backend_detailed_design.md,7332,bf994cfbda85f6fae5286b7008fa817e072d5f54d2100c2a25bc325845d17181,.md,documentation
web-main,projects/web-main/docs/architecture/system_architecture.md,11068,735a281fb5c593242bab761853b99f74c633d7d1eb2856ef5fd135548b24e1b7,.md,documentation
web-main,projects/web-main/docs/architecture/v01_parallel_agent_execution_architecture.md,20060,179f61376eab6ac4166c0bfffd0bfb4d34cf2ecd69dbddebd5b40909c95a6c2a,.md,documentation
web-main,projects/web-main/docs/architecture/version_detailed_design.md,11842,adf80d5f4adaeb48402d0a08c655521d7f007fc1aee620bc227dd9c85f3a7b5e,.md,documentation
web-main,projects/web-main/docs/compliance/cro_traceability_contract.md,5344,a989392f16b6b094c7af8eb9b1e4df2a38700cee4becc9e206f0ceb44e4415cf,.md,documentation
web-main,projects/web-main/docs/eeg_v01_product_principles.md,7541,b08566d1c126bf0f2e8f9df982db9708b2e2951d639adcd3fb0c705e442100b9,.md,documentation
web-main,projects/web-main/docs/legacy_static_mvp.md,260,ccebe6efcb7fde16ffec2cc6733c6e370cbd48b39a9b11d81f3948d306cbf86a,.md,documentation
web-main,projects/web-main/docs/modules/README.md,1350,fd822e9eb45d677413aa40492d6be261285aceff9794be31b3d067e845a5bde8,.md,documentation
web-main,projects/web-main/docs/modules/analysis_method_inheritance_guide.md,4892,35573d7dbf046c6bf37c16f90ed87cd773aa26ba3834a54ebee8b0cc41d5ac87,.md,documentation
web-main,projects/web-main/docs/modules/analysis_module_contract.md,7124,0af0fd40e2c5badf29b6e9e50f2c3725149666d04aca326e42d0e1593afce7b6,.md,documentation
web-main,projects/web-main/docs/modules/analysis_modules_design_matrix.md,10864,615de8bf6f33f45cf2a9c92152cda143a00b1abd28310809393bb5a322b3ac80,.md,documentation
web-main,projects/web-main/docs/modules/beginner_friendly_analysis_function_blueprint.md,6242,6768d0737e1311deab3af2322357241a1444f6c6a45b8eaf52da4ef4d50704af,.md,documentation
web-main,projects/web-main/docs/modules/beginner_learning_analysis_design.md,7704,104fff48509456a670773bb16540195990b731d6f233fb605130d6202e081d76,.md,documentation
web-main,projects/web-main/docs/modules/eeg_method_portfolio_matrix.md,4495,8360c9a69fcdb2830f3bfa39ad56ed81ce4908a0db728d36cbda55d351ed54f5,.md,documentation
web-main,projects/web-main/docs/modules/epilepsy_ml_high_fidelity_requirements.md,24575,56ffb4d5b915dd5b2746d12da2f82a0961534c86a6ac5cdc43b01415f55db8c8,.md,documentation
web-main,projects/web-main/docs/modules/epilepsy_ml_high_fidelity_test_plan.md,18370,9fbd15a3a371d1fc449839d647f5b81613d43a65d93fdc78aa26b0a95ea6750f,.md,documentation
web-main,projects/web-main/docs/modules/epilepsy_ml_lab_sync_mirror_plan.md,5644,c23264ba7c97c33442b35923533c7bbe34733deca4e94e37522e0f849cee3eee,.md,documentation
web-main,projects/web-main/docs/modules/epilepsy_source_workbench_replica_detailed_design.md,23849,4462429eb892c8d770e7fcc1c6e7165c58017754bf403f5408d6531c70e38ef9,.md,documentation
web-main,projects/web-main/docs/modules/epilepsy_source_workbench_replica_e2e_test_plan.md,22758,79cefc854de937b2daca6394921fc3647b3bab97b127b6662ec9d4b95e71351f,.md,documentation
web-main,projects/web-main/docs/modules/epilepsy_source_workbench_replica_requirements.md,17176,0c9b642a0f966ff4e3c5c6154ddf499932d2b757ba69c6e9312c45630c3e44cf,.md,documentation
web-main,projects/web-main/docs/modules/erp_design.md,12266,417edac5d586d726c16aa7d2824f24d54bcb93e9bda5e1752efba9d6aab1ef26,.md,documentation
web-main,projects/web-main/docs/modules/mne_analysis_function_design_basis.md,14593,f38ece59f2d4a8aee311738532f6b6469bbc4b5433f9282fde20e6212d8fe534,.md,documentation
web-main,projects/web-main/docs/modules/psd_design.md,11463,3b2851ae9fa7c08eab1884f95f2565ab1c8f16c81ea46f066a85d63fb067377d,.md,documentation
web-main,projects/web-main/docs/modules/qc_common_data_preparation_requirements.md,31772,8b63117b67c16f5d8115f958af493643b1ed22da2acd7efd40b468c16a064561,.md,documentation
web-main,projects/web-main/docs/modules/qc_design.md,17544,9e4e997e3a47102a1255b96be5e06b023c5721fd354a935656de5029568e2558,.md,documentation
web-main,projects/web-main/docs/online_paid_platform_architecture.md,5064,a57b87c55d0b5c6f8a9ee47442ba1cccb6534edb90d234e3c8ef7f078626a8b5,.md,documentation
web-main,projects/web-main/docs/product/LONG_TERM_GOAL_AND_ONE_YEAR_ROADMAP.md,9136,2e8e1dabdc94dc72ed0ba3a332cda023b82573bb81bfbd1dd7df34322dddcd92,.md,documentation
web-main,projects/web-main/docs/product/QLANALYSER_RELEASE_AUDIT_PLAN_20260702.md,1494,42b3e858a3add6bbcb3a28e6680817dc7ac5960a85b1aa08f8d9755794a1c1b5,.md,documentation
web-main,projects/web-main/docs/product/README.md,3031,b59f2d6c27671b16f4c036a3ce976be8a3b063730fab23bcacd8540b8bc6de05,.md,documentation
web-main,projects/web-main/docs/product/acceptance_matrix.md,2722,050de51f2b866d387b8e9042b05c0e06c7bb1c14ea3230a830aed7e4e894cc5c,.md,documentation
web-main,projects/web-main/docs/product/api_contract_inventory.md,3035,51552e567f7dd93fc2d4183015103f7f2b808f4886aac11b808580865f705ef2,.md,documentation
web-main,projects/web-main/docs/product/data_dictionary.md,2304,487f33c934c49c4f4568624923ca1670fe19cc5a3bb05259b2ee11d9c9d6bd73,.md,documentation
web-main,projects/web-main/docs/product/data_preparation_adversarial_audit_and_cleanup_20260628.md,4864,180b994e7e2af0ee34a4ef62f85f02ff3f842b8bbe64b919243e3adf9a34054e,.md,documentation
web-main,projects/web-main/docs/product/data_preparation_interaction_controls_state_matrix_20260628.md,3751,05aeb28cc4e37b6c397c4def21a4866ccbab97a475e7ab4284319956e77be132,.md,documentation
web-main,projects/web-main/docs/product/data_preparation_page_release_candidate_audit_20260628.md,5683,587b0d3c311e6aa2647f1fd6d6ce07c49877f501e95b76b40661da041a023a8a,.md,documentation
web-main,projects/web-main/docs/product/epilepsy_child_page_p0_ui_api_e2e_test_plan_20260629.md,13531,47a266ca9ffce1ed55142d47af57f295c99180dd54d7d5718f5369a1b1918b3b,.md,documentation
web-main,projects/web-main/docs/product/epilepsy_inline_workbench_release_e2e_receipt_20260629.md,3374,688339887d39af351fa19079e80a05b25876686446f09e089ef63beeb01c5e57,.md,documentation
web-main,projects/web-main/docs/product/epilepsy_manual_correction_preview_contract_v1.md,3227,0b219a9c9ba58a6c562cf470e1c52417e71eefece11718e0cf25a770a33ab9a2,.md,documentation
web-main,projects/web-main/docs/product/epilepsy_regular_labeled_fixture_20260629.md,3255,665aab4e6db4ef33d360e638c23f57d67dded5bd3c659f59e5b251306f1598ec,.md,documentation
web-main,projects/web-main/docs/product/epilepsy_report_preview_contract_v1.md,4055,89b39aeba1db090d104585619a21a359ec5f3cd755e3f0c1c8d4144d4655d19a,.md,documentation
web-main,projects/web-main/docs/product/epilepsy_research_workbench_design_spec.md,13695,0eacddbce22f52a4b8905081b72d83dfed13774b6f3556590f3505db7b9d73a8,.md,documentation
web-main,projects/web-main/docs/product/epilepsy_sleep_staging_predev_adversarial_gate_20260628.md,12744,9ef53fa46e8a4ff3f2f75b7d2a4c244e0a528500841636be862f8fbf7c90f21b,.md,documentation
web-main,projects/web-main/docs/product/epilepsy_sleep_staging_predev_adversarial_review_receipt_20260628.md,6150,6f89c395c5bc7524780f8fa17ea71783b7c02368d7e92b00733709173d419eb7,.md,documentation
web-main,projects/web-main/docs/product/epilepsy_sleep_terminology_contract_20260629.md,2400,0bba8527dae26bbf40095cf729adca30b11a2fac89dd0ec5c61973aa175075a2,.md,documentation
web-main,projects/web-main/docs/product/epilepsy_sleep_waveform_staging_architecture_design_20260628.md,10785,acfc64313dcf7dfda9c499987129f3b0762662013abbdf1ce568f89d2fe78cbc,.md,documentation
web-main,projects/web-main/docs/product/epilepsy_sleep_waveform_staging_child_pages_architecture_20260628.md,16628,8c06b3d23ccc085d246cc43600b8ae9319c9290b7dc2df28636e0fd7ab09f7c7,.md,documentation
web-main,projects/web-main/docs/product/epilepsy_sleep_waveform_staging_detailed_design_20260628.md,13528,26a40a9b037c33235cfd4f33465d0c03d6753c37e8d82226743267080c7f3ce8,.md,documentation
web-main,projects/web-main/docs/product/epilepsy_sleep_waveform_staging_e2e_acceptance_plan_20260628.md,10564,cebd694daba9ef83f16c55f9c2af9f8bc3789775043a8d886ff54ee2056e07dc,.md,documentation
web-main,projects/web-main/docs/product/epilepsy_sleep_waveform_staging_requirements_20260628.md,8995,e3abedc9a6b38fd91009550dda8c06791ac69550ef116264e053178e2e1c1ed4,.md,documentation
web-main,projects/web-main/docs/product/epilepsy_staging_synchronized_waveform_stage_spectrogram_design_20260629.md,6286,6eeaf35006e414816b84220de77ff37615e70ea630a7ab0047d2f97548e49788,.md,documentation
web-main,projects/web-main/docs/product/epilepsy_staging_synchronized_waveform_stage_spectrogram_e2e_test_plan_20260629.md,2658,17359689471795bc19931f62680719a5434c1bb3e687743909d031e9b2a217da,.md,documentation
web-main,projects/web-main/docs/product/epilepsy_workbench_pc_source_aligned_frontend_backend_upgrade_design_20260628.md,26760,ab5d694c7c5d16c7111fea1a9fe9cb4d6850710237b7d54ee22b682691137b15,.md,documentation
web-main,projects/web-main/docs/product/epilepsy_workbench_ui_interaction_detailed_design_20260627.md,6594,055a362469e2b2c545b458e3eff51f61c7f19f6d8fd37c35e8bfccfe6f830deb,.md,documentation
web-main,projects/web-main/docs/product/epilepsy_workbench_ui_interaction_e2e_test_plan_20260627.md,4335,4fb60458505761d752bbf478f8ed53e0bc9f09b13e99ae04475b8293f40b871e,.md,documentation
web-main,projects/web-main/docs/product/epilepsy_workbench_ui_interaction_requirements_20260627.md,7660,20c378aff71e65881042ba5991683eda7608d5ca9c651666eddf33b2d6fa062c,.md,documentation
web-main,projects/web-main/docs/product/error_code_catalog.md,1881,98aeadf41a81e9fc21bf71e7b2dc4213014927eb9da97f3d952f3f05d0301a98,.md,documentation
web-main,projects/web-main/docs/product/lab_to_main_workflow_gate.md,5008,286b78cdc01845850b38072b566af843a7ba278eb135b205b556ef4389c25d3b,.md,documentation
web-main,projects/web-main/docs/product/main_data_preparation_waveform_canvas_migration_receipt_20260628.md,4782,749db4a04518d8495f6287664bac0f4f924f7573c983870ee3786bee030707d8,.md,documentation
web-main,projects/web-main/docs/product/main_workbench_design_contract_cleanup_receipt_20260628.md,4140,503d8ca11547f6e28a4f79b1dec903033e8e9dfe106057ba987194f9176a662f,.md,documentation
web-main,projects/web-main/docs/product/module_lab_07_mainline_integration_design_20260626.md,11474,2e54dd1675160613a417963712e30339827b3f4b7e41b9c173471a11cf0cd3ba,.md,documentation
web-main,projects/web-main/docs/product/module_lab_method_test_bench_requirements_and_test_plan.md,18783,108d3263bc16acc2864fff4229615db24fb44a23e46257ac262689c9092fa123,.md,documentation
web-main,projects/web-main/docs/product/module_lifecycle_matrix.md,4178,092fe4146705fc9c685176831360954b5bda8833b9f758d95b4b89528134bd8f,.md,documentation
web-main,projects/web-main/docs/product/page_change_log.md,4991,f061103da3f31694b8e2d9bbd30d1e3a395d4548c8c9563e6c5416eaf4a30046,.md,documentation
web-main,projects/web-main/docs/product/page_interaction_inventory.md,2778,76dd5b998ea8d2b0c706aa7275d2416dc9c197ef0f6142f7c4f93975e819f4a2,.md,documentation
web-main,projects/web-main/docs/product/product_doc_governance.md,2625,1dc22cb99b972325a0a1f41bf86359abc65307e52f473a6ac2289b6e86e32ffd,.md,documentation
web-main,projects/web-main/docs/product/product_requirements_freeze.md,2009,3e49541dcff32d498cd8c034711e9522f9f8f056e81c57383caa593715eb3943,.md,documentation
web-main,projects/web-main/docs/product/project_workbench_frontend_detailed_design.md,7832,6c9c2b343c9ed5c9b137b282e28551ff081fb75ae60e51db7c7dcbd553c148f9,.md,documentation
web-main,projects/web-main/docs/product/qlanalyser_all_pages_adversarial_visual_review_20260705.md,21070,8ed9c16dd3a4cb40a4c7ba28ee7f79207fad0bdeefd4b52c1ab0aec0d5e314df,.md,documentation
web-main,projects/web-main/docs/product/qlanalyser_beginner_analysis_flow_ui_redesign_20260705.md,36454,422b61af42466b5265f45249b2c604680cdb8298ba3292b82c07a535fe553971,.md,documentation
web-main,projects/web-main/docs/product/qlanalyser_browser_e2e_runner_setup_20260627.md,1594,d453db08ec611ffc042d1695c50a30b990eed6ce92f9904e4f8b866e0f28a5ed,.md,documentation
web-main,projects/web-main/docs/product/qlanalyser_complete_e2e_fix_packet_to_07_20260627.md,7627,8136bf3e17246049a8505c11b18b96d66b9f025e9f05d5af920ea9712acd959b,.md,documentation
web-main,projects/web-main/docs/product/qlanalyser_complete_e2e_release_blocker_fixes_acceptance_20260627.md,5781,5d64cc2c6ba55f44e65ddc1c60bd27e758263ce12b5de7a423ee78ba98cc758e,.md,documentation
web-main,projects/web-main/docs/product/qlanalyser_current_modules_teaching_mode_design_20260626.md,10749,9e510379bc26163ed71a70aadc8ed42daa298b92694b1f9248319f8e1a234b6c,.md,documentation
web-main,projects/web-main/docs/product/qlanalyser_current_modules_teaching_mode_requirements_20260626.md,12500,24cd3abd8416061f5ae7caecb3d79a6dfab88e8683670a15a0a6a941a7d76f01,.md,documentation
web-main,projects/web-main/docs/product/qlanalyser_current_modules_teaching_mode_test_plan_20260626.md,9161,467940c69ebd998179d0da2b90923d6d6263cec0ce91d8460b2326030ab0e6f8,.md,documentation
web-main,projects/web-main/docs/product/qlanalyser_current_modules_teaching_mode_ui_design_20260626.md,12379,3b6d0e95d58f0638f5a086ad931199f3e7bbc3793d0e82c94f95c529414f759e,.md,documentation
web-main,projects/web-main/docs/product/qlanalyser_data_prep_analysis_entry_consistency_design_20260626.md,4693,9649acb1a44e8150dd59b1f44f8f7046f83ac150cc27e849b98fb149adc4f19c,.md,documentation
web-main,projects/web-main/docs/product/qlanalyser_data_prep_analysis_entry_consistency_requirements_20260626.md,7321,94c220303186fb945520e140dde5d330d80fa2e740c5be5708d9729e30771d69,.md,documentation
web-main,projects/web-main/docs/product/qlanalyser_data_prep_analysis_entry_consistency_test_plan_20260626.md,3474,e9e5b17dcc84c7f0933942c2f58ab9f65a24d23d6d3e28e37add5e1288878b90,.md,documentation
web-main,projects/web-main/docs/product/qlanalyser_data_prep_analysis_entry_consistency_ui_design_20260626.md,7254,be045951ef3e4565ee5528a4a5dc8cd2e0f3232d051423a7e14cfdb11d5a3df4,.md,documentation
web-main,projects/web-main/docs/product/qlanalyser_design_contract_main_workbench_audit_20260628.md,8264,9c27c2971abf6ed15faf10e89ebc3d2b2adbaa9f850578dd37d3409a8c52f136,.md,documentation
web-main,projects/web-main/docs/product/qlanalyser_design_contract_waveform_workbench_audit_20260628.md,11307,8c3d3450c3d817fdbbfaa65230a77b9cc0ac899eb8b57ac740f2034ca96453cd,.md,documentation
web-main,projects/web-main/docs/product/qlanalyser_design_pattern_debt_scan_20260628.md,8410,da2871df6818535c2be76ed083f82cd37dc263cc7dce9bc3f41c2cf16340b6f0,.md,documentation
web-main,projects/web-main/docs/product/qlanalyser_e2e_failure_classification_receipt_20260628.md,2558,89f25159065ccc5dfde74ee2fedf478ececb5d9631220604e99960b7582f6c20,.md,documentation
web-main,projects/web-main/docs/product/qlanalyser_epilepsy_cloud_trial_v0_1_architecture_20260629.md,10537,d824e610a0ff20cb1315bddc0653e2568b1a16e47e04b14bdab7ff441268bf93,.md,documentation
web-main,projects/web-main/docs/product/qlanalyser_epilepsy_cloud_trial_v0_1_browser_e2e_receipt_20260629.md,3186,a1dcf776b7031f94d0ba136ce6bd631e1162edec6ddbc7c2f3c39051738f50e4,.md,documentation
web-main,projects/web-main/docs/product/qlanalyser_epilepsy_cloud_trial_v0_1_browser_upload_to_export_receipt_20260630.md,6976,87a43e41738408577a53f98d15a2ba6a0e9a371e90ff41e515ae3f5f44408af5,.md,documentation
web-main,projects/web-main/docs/product/qlanalyser_epilepsy_cloud_trial_v0_1_checkpoint_20260630.md,8779,be677e5b0c13a781388fa06fc079234db6147e4a6e65ed3bc7497d15cdbb0351,.md,documentation
web-main,projects/web-main/docs/product/qlanalyser_epilepsy_cloud_trial_v0_1_closed_loop_acceptance_20260701.md,3165,9454b704ade177d661987e4ce0873131026a8da76c90f9094aa56192e1c0a0c5,.md,documentation
web-main,projects/web-main/docs/product/qlanalyser_epilepsy_cloud_trial_v0_1_cloud_cutover_runbook_20260630.md,5652,b6d23a71d34ea3394648c1e7a8bec5bf180624da3114191df8b9251cbd17d048,.md,documentation
web-main,projects/web-main/docs/product/qlanalyser_epilepsy_cloud_trial_v0_1_cloud_refresh_acceptance_20260701.md,9439,695cbed901d338ffce62bf84a10546b234f824c1ecaa5a1f0be605162198a49b,.md,documentation
web-main,projects/web-main/docs/product/qlanalyser_epilepsy_cloud_trial_v0_1_current_gap_review_20260629.md,17624,02104ea864249c19a11b8b98a16ffb9051df7595d3b07eaad876b004a7d19657,.md,documentation
web-main,projects/web-main/docs/product/qlanalyser_epilepsy_cloud_trial_v0_1_customer_trial_handoff_20260701.md,10574,69bb02bbcf39c057578d2dbb45658ebfea70bc019ff2310d6404c70a87056029,.md,documentation
web-main,projects/web-main/docs/product/qlanalyser_epilepsy_cloud_trial_v0_1_customer_trial_support_packet_20260701.md,9033,85b5a5e925213742320f38d5120b73b88a8ce5231aba0f22a61536fc734c30bf,.md,documentation
web-main,projects/web-main/docs/product/qlanalyser_epilepsy_cloud_trial_v0_1_data_api_contract_20260629.md,12309,d43f93af0b4d5655b39dd7449cc69771426d90ec489f20f7f2eba97aebcdefde,.md,documentation
web-main,projects/web-main/docs/product/qlanalyser_epilepsy_cloud_trial_v0_1_detailed_design_20260629.md,12855,43cc337dc243a7d9f911c23596947f766fb423a6055ccaf2222a49d233d5fb48,.md,documentation
web-main,projects/web-main/docs/product/qlanalyser_epilepsy_cloud_trial_v0_1_e2e_test_plan_20260629.md,19702,74c3b44f7991e19f102ab1e336c32830bc2a029d93e2f51e9a51ffe23303c56a,.md,documentation
web-main,projects/web-main/docs/product/qlanalyser_epilepsy_cloud_trial_v0_1_export_contract_receipt_20260629.md,2747,3023156a10f51909ebe167c331736d6ecc4db0909686f748dcb41576eaa4cd8f,.md,documentation
web-main,projects/web-main/docs/product/qlanalyser_epilepsy_cloud_trial_v0_1_goal_20260629.md,5737,788b90e4c0eda3046a6afd22cdf911642d77bf5e1d212e6e7ec3a1f69a6b78eb,.md,documentation
web-main,projects/web-main/docs/product/qlanalyser_epilepsy_cloud_trial_v0_1_inline_review_results_fix_receipt_20260629.md,3197,49e2fa288bdacea66ad34c0a7166e9fc19640677cb3db91240a0568aa82c8b5e,.md,documentation
web-main,projects/web-main/docs/product/qlanalyser_epilepsy_cloud_trial_v0_1_p0_acceptance_matrix_20260629.md,11460,eaa24312206e7bab4e957d60fcadae4e2259f517082a824416c5655f68f228ce,.md,documentation
web-main,projects/web-main/docs/product/qlanalyser_epilepsy_cloud_trial_v0_1_release_gate_receipt_20260701.md,5751,2ba77377c1df78cce8c67c91b87205430f46c11b9be4506fd900076c9be8e829,.md,documentation
web-main,projects/web-main/docs/product/qlanalyser_epilepsy_cloud_trial_v0_1_release_plan_20260629.md,17344,ba52a458521801569d926e3dc10ca190b71cb73d2f26c0e69edfe77702d732b0,.md,documentation
web-main,projects/web-main/docs/product/qlanalyser_epilepsy_cloud_trial_v0_1_requirements_20260629.md,14377,c86656f5471cc2bb29895aadf8c94ecc21e6d8ecaec05f65da1f3d84079bcc8e,.md,documentation
web-main,projects/web-main/docs/product/qlanalyser_epilepsy_cloud_trial_v0_1_six_pack_convergence_review_20260701.md,11372,920cbf0a25791c34ecebbcce7782baa9ac5205af54550a397160828b387b77bf,.md,documentation
web-main,projects/web-main/docs/product/qlanalyser_epilepsy_cloud_trial_v0_1_trial_day_operator_card_20260701.md,3032,5b898b0a045025e11c1524005b52b8dd941a915686f8cd34aee1cae105aefaa2,.md,documentation
web-main,projects/web-main/docs/product/qlanalyser_epilepsy_cloud_trial_v0_1_trial_issue_log_template_20260701.md,3172,a6fd867a634151c93f683ebd574a8e234e21f648b5b39a9776c0e5f5d110b759,.md,documentation
web-main,projects/web-main/docs/product/qlanalyser_epilepsy_cloud_trial_v0_1_upload_contract_receipt_20260629.md,2715,c419158a0339de0fbe1e54ff07b4094f3b0c77db24ee3513870b28a36bc1a2b4,.md,documentation
web-main,projects/web-main/docs/product/qlanalyser_epilepsy_cloud_trial_v0_1_upload_to_export_e2e_receipt_20260629.md,2982,1f422399a386cb85ce547ba354c074f076bb8c40732a13c0af37227b68c6672f,.md,documentation
web-main,projects/web-main/docs/product/qlanalyser_epilepsy_inline_workbench_adversarial_review_fix_20260629.md,4862,324e2a56f772dc7a68690d1aa40ce2679bf7f02c1a8cd44a3f50d50544829854,.md,documentation
web-main,projects/web-main/docs/product/qlanalyser_epilepsy_long_task_progress_and_e2e_receipt_20260701.md,5724,3f6433ee5a7597f4e3c38ecdb7673db8aec709581467a0a20fe287f9fbcac733,.md,documentation
web-main,projects/web-main/docs/product/qlanalyser_epilepsy_result_review_v3_integration_plan_20260702.md,9002,2533c4ad3cc3c1e3048a4712c0da52f319a38c6ffc04f70c9d7a6bb9cb2c8231,.md,documentation
web-main,projects/web-main/docs/product/qlanalyser_epilepsy_teaching_mode_trial_chain_review_20260629.md,6749,979ba48948ad7f644910c31d625cdbce668800b2cac09a0f7f568a9febb851f6,.md,documentation
web-main,projects/web-main/docs/product/qlanalyser_epilepsy_trial_p0a_fix_receipt_20260629.md,3610,82f14f43e8ffa3530a9f033d4b90e8e64ea33d2fbc827541ab147fffbfcc976b,.md,documentation
web-main,projects/web-main/docs/product/qlanalyser_epilepsy_workbench_deeplink_p0_status_20260630.md,3783,09c573f46d98d038fe161216162406e80939e24da79ef3f3171ccc187a155fcf,.md,documentation
web-main,projects/web-main/docs/product/qlanalyser_full_product_complete_e2e_review_20260627.md,14386,dc185b4e37c347dacc6b27b40b40de08fc37636199711799eb1498e4b5ffc570,.md,documentation
web-main,projects/web-main/docs/product/qlanalyser_full_product_e2e_design_20260626.md,21557,1bb47a97d8b306991d65fcdd11647c744666b9152782f55ab06bcb1ade9fb2cc,.md,documentation
web-main,projects/web-main/docs/product/qlanalyser_full_product_e2e_dual_review_20260627.md,12432,00227ab815deed8442decea0fda81da28ee165273f710911004dc5d80e0dc119,.md,documentation
web-main,projects/web-main/docs/product/qlanalyser_full_product_e2e_dual_review_fix_acceptance_20260627.md,9634,8e2ea804a98b80de0377eff05e45b34b4f9f2ce10cb348f7fe88402bc9ac69e4,.md,documentation
web-main,projects/web-main/docs/product/qlanalyser_full_product_e2e_execution_packet_20260626.md,8903,1c6a2497e40cd84f8cbbc01a5c1380b3eeed02afee0a1406ac8ecc2886eca176,.md,documentation
web-main,projects/web-main/docs/product/qlanalyser_full_product_e2e_requirements_20260626.md,18895,51cfc11c1f6aecb070ddfd2e7d03b10523dddb57c65ce36fd7f8a6029bc6d9bc,.md,documentation
web-main,projects/web-main/docs/product/qlanalyser_full_product_e2e_test_plan_20260626.md,18324,1e42a7b1be05909626fafc112e5a90994cf5af01dfca39d074044b6cf6d19258,.md,documentation
web-main,projects/web-main/docs/product/qlanalyser_he105_epilepsy_ml_chunked_fix_receipt_20260701.md,5429,e55567ce73c6d57ac68e227e0a8d6aafc5b62a9b3855cb06e300e70979026455,.md,documentation
web-main,projects/web-main/docs/product/qlanalyser_he105_epilepsy_ml_safe_acceleration_receipt_20260701.md,4384,be4eea367c69d4a3e7c5f6fad0e3353eac9b4a098bfa5d0c3c52a5a8e7db2cf1,.md,documentation
web-main,projects/web-main/docs/product/qlanalyser_he105_local_customer_edf_test_receipt_20260701.md,2687,257aa85fcf92a379b4fb3ed7e2755adde07ba8bb32b431b996eb32a9ee806345,.md,documentation
web-main,projects/web-main/docs/product/qlanalyser_mainline_productization_design_20260626.md,14651,e7cd3b6ac9b75596d396498beb463d0c80b77b1f0c9b20eff23c4ddefc11e90d,.md,documentation
web-main,projects/web-main/docs/product/qlanalyser_mainline_productization_e2e_test_plan_20260626.md,12602,b36db343ece222f962ea3fba8bc853f002b3e437cae50d4a90b8754e325b2b4b,.md,documentation
web-main,projects/web-main/docs/product/qlanalyser_mainline_productization_requirements_20260626.md,16210,adbf46728523cfb511e859af0740c861a20a8c999bc57e4551bca2588bf397a9,.md,documentation
web-main,projects/web-main/docs/product/qlanalyser_online_architecture_20260629.md,6071,a2d8ec67f97e357d2794b492d6e34c89cc766093f2cf21a3ae9e67b241af19cb,.md,documentation
web-main,projects/web-main/docs/product/qlanalyser_online_data_api_contract_20260629.md,5289,5e21bfd411107d3f4c919529c2d3141c24c115af5cd9d1f6292ace919dcd88a7,.md,documentation
web-main,projects/web-main/docs/product/qlanalyser_online_detailed_design_20260629.md,5124,c1d6e54aa08ce0dc6df8d8b8fe777c270778087be04e6311d00a7a6cbe9c2f51,.md,documentation
web-main,projects/web-main/docs/product/qlanalyser_online_e2e_test_plan_20260629.md,5403,289b8ca3847f81496019b2bac6843a51b0228801d57ae925ecea464b6119cbec,.md,documentation
web-main,projects/web-main/docs/product/qlanalyser_online_release_plan_20260629.md,6081,1e8c3814b6edd2e85fc425ccffcd6f06f3acbce28b63367c13369d577b6ac2ac,.md,documentation
web-main,projects/web-main/docs/product/qlanalyser_online_requirements_20260629.md,7628,629cdcb74a1b8d9aadc6f1c5b7d3477a0bde558820bd2285ba1d3a4043c48cea,.md,documentation
web-main,projects/web-main/docs/product/qlanalyser_pc_sleep_module_source_review_20260629.md,16187,e260ab093cebeb1c1f8acf6052df3b976451d295da7c45ff69d9f9917e212d39,.md,documentation
web-main,projects/web-main/docs/product/qlanalyser_product_wide_ux_repair_spec_20260625.md,18373,1d4861a90cd6a4c4c108bf6924bc490ded0249d03bb2a86879f4445569d122c1,.md,documentation
web-main,projects/web-main/docs/product/qlanalyser_product_wide_ux_repair_test_plan_20260625.md,12622,b4ffeeb3071ebd7a4ecff70a58ba75b6243c5a020a29fd6a55587116bac0a946,.md,documentation
web-main,projects/web-main/docs/product/qlanalyser_project_cleanup_waveform_preprocessing_design_20260626.md,7652,92c5096c01a9ac31b0a8824597ed7675407c881f9e0da29df298522fab64eac4,.md,documentation
web-main,projects/web-main/docs/product/qlanalyser_project_cleanup_waveform_preprocessing_requirements_20260626.md,8384,8c9ff6df78980ae14e1fe24a01d06b1fbcf7680581c86a1926d31f6f82e5fbf6,.md,documentation
web-main,projects/web-main/docs/product/qlanalyser_project_cleanup_waveform_preprocessing_test_plan_20260626.md,6566,6e5a794542c429fb792579d01613608ac976fb22f32e0afcd1b9de9291a05805,.md,documentation
web-main,projects/web-main/docs/product/qlanalyser_project_cleanup_waveform_preprocessing_ui_design_20260626.md,7989,9617fa535884489ffb7f082c8df69b46a206b013f993f2bc6de31b356a633b40,.md,documentation
web-main,projects/web-main/docs/product/qlanalyser_project_design_standard_20260628.md,7146,15eb030bafad6cffcdd8f816c8fae909063bc7c825099d35d1d28e90abfd41bb,.md,documentation
web-main,projects/web-main/docs/product/qlanalyser_project_design_system_20260628.md,12151,c08d9cfb088a6179fe1e23f09b6c9f9ebb964387e49ab313187132c0cd760113,.md,documentation
web-main,projects/web-main/docs/product/qlanalyser_real_dataset_owner_review_design_20260626.md,7012,22377994dfae6182ae1aeaccca82f21ef0ba18f2442fe2a8c5ce0536460ee06e,.md,documentation
web-main,projects/web-main/docs/product/qlanalyser_real_dataset_owner_review_requirements_20260626.md,5585,f90f2a824081f8ab7e8e74419f3052f1e6ba9f742f62a2b31fc7fcc53c1add7f,.md,documentation
web-main,projects/web-main/docs/product/qlanalyser_real_dataset_owner_review_test_plan_20260626.md,5510,cd0d7527b797bde9035196a22a48b610111ffb8ac0744cef703e6a7bdbec5517,.md,documentation
web-main,projects/web-main/docs/product/qlanalyser_refactor_roadmap_20260628.md,5463,55c034e01ea2ce795a9f6ca8c3fb9f7392e71b841ae3bc89fc3669323aedda94,.md,documentation
web-main,projects/web-main/docs/product/qlanalyser_release_candidate_self_adversarial_audit_20260628.md,2330,9a85ca4964deb6e1d9696d90de13d36c511ddead9f398e3bb842712170cc690e,.md,documentation
web-main,projects/web-main/docs/product/qlanalyser_research_user_copy_governance_spec_20260701.md,9371,86efc2367f47d94a2cc4e8c6058edf3acaf356e3d092188b8ad4b3478fe7db28,.md,documentation
web-main,projects/web-main/docs/product/qlanalyser_self_adversarial_ui_audit_protocol_20260628.md,7276,3fd4f9f60d57fbbbd69968ebf9ceb37180e43bdbed276387d0b3f2167d2c3c5d,.md,documentation
web-main,projects/web-main/docs/product/qlanalyser_system_all_pages_adversarial_review_20260705.md,39681,874490c9f4302ccfb284496b0dd4a6083217d29762fda4f1d064fc09ef29ae2a,.md,documentation
web-main,projects/web-main/docs/product/qlanalyser_ui_interaction_visual_governance_master_20260628.md,39175,8086b8de2301a6afac498a17ce904ee1bba2bf1132f005483497d0ff073e1b4b,.md,documentation
web-main,projects/web-main/docs/product/qlanalyser_ui_product_delivery_design.md,13820,f93431158b621a2a61553bbe21e182f6455f8572783be3c1392cbdb49166d152,.md,documentation
web-main,projects/web-main/docs/product/qlanalyser_user_level_e2e_adversarial_review_standard_20260702.md,5744,ef94838a2bed4a8ffac0c00f1cc6976bd1cf30bbc99ca6ec29a566199bb2a057,.md,documentation
web-main,projects/web-main/docs/product/qlanalyser_waveform_scoring_workbench_aasm_v3_feishu_source_extract_20260629.md,5085,675e8662d454c18217c77ba7bee7a41c9ef5bc3130459a237e485f45559ce1cb,.md,documentation
web-main,projects/web-main/docs/product/qlanalyser_waveform_scoring_workbench_architecture_20260629.md,14959,79a68ab661ce538f3b38caf5e4028e6e8a60ec381fb3a53bb60ebd5316566315,.md,documentation
web-main,projects/web-main/docs/product/qlanalyser_waveform_scoring_workbench_data_api_contract_20260629.md,16004,3a6e3646147300b244beaad14b4c7c512bb5b8329bf1ca7d9c1572b85514e5a8,.md,documentation
web-main,projects/web-main/docs/product/qlanalyser_waveform_scoring_workbench_detailed_design_20260629.md,14930,126e9c50781b1c8f1ed9adc212eaed8a910e6324a98eac7e8dacfe2d3db67b9e,.md,documentation
web-main,projects/web-main/docs/product/qlanalyser_waveform_scoring_workbench_e2e_test_plan_20260629.md,15976,2b2d63e3369c42d833b9032f4fd41bd504ac169f0dfefeca4173783bacf738d2,.md,documentation
web-main,projects/web-main/docs/product/qlanalyser_waveform_scoring_workbench_release_plan_20260629.md,14039,2e7abd989d5b1e995d1c7e43702961ba7a2482ef71aacd0c3dce8049d96fd0c2,.md,documentation
web-main,projects/web-main/docs/product/qlanalyser_waveform_scoring_workbench_requirements_20260629.md,19775,f7f108ba6b57ec37abe3fbec0f0d043d43f125d1fb3c7c24b695ec1953bf6d46,.md,documentation
web-main,projects/web-main/docs/product/qlanalyser_waveform_scoring_workbench_research_input_20260629.md,13003,2c90bfbd2c84378b01288aefa21929eb67f6f919a13329a94c37404bdd219dcf,.md,documentation
web-main,projects/web-main/docs/product/qlanalyser_waveform_workbench_customer_level_ui_logic_review_20260627.md,12754,98e5b1b02c70d1cc07e47ec3c15a1b3ad8eabd0d58b8aaa7b2558421ec27c47c,.md,documentation
web-main,projects/web-main/docs/product/recurring_defect_patterns.md,2693,c3fe9d049b36472cb9747a9a7e9d429aef954075ec9cbc03ef7cd50937b9d218,.md,documentation
web-main,projects/web-main/docs/product/release_ops_runbook.md,1623,ee323f047ba8179db89743d558399a813eafe048284e33716c9475fb970e4e3f,.md,documentation
web-main,projects/web-main/docs/product/review_log.md,9873,39895fd42792ea856a16140142ba174e1a977ce2b42c7e57caca2b417efd8967,.md,documentation
web-main,projects/web-main/docs/product/review_system_governance.md,4357,e692840127e76d7132fae59944c83dd8cc1d5756f5a35ccbd4f2b60c210e88fd,.md,documentation
web-main,projects/web-main/docs/product/spike_analysis_product_and_architecture.md,4459,b00582e719cfcb194dcbcb4d2ca003c0ddaba9568090d101f4f08c80fc022052,.md,documentation
web-main,projects/web-main/docs/product/stage_gated_development_review_system.md,9294,aa712e4da4cb1ae66be684065421ba656229c3216af0fb314960afe171677b3f,.md,documentation
web-main,projects/web-main/docs/product/stage_gated_review_contract.json,11229,3d8cfc5c9cd7f9a18d186842a64cde02e8a099b5c89db74228d758bb12519b07,.json,configuration-or-contract
web-main,projects/web-main/docs/product/teaching_mode_independent_design_20260626.md,9834,c67e2f69df65c69890342f5af22ddf91f277ea60838b2d16e3f4103c37c9ae51,.md,documentation
web-main,projects/web-main/docs/product/teaching_mode_independent_requirements_20260626.md,8956,51290f31ff770bda34d654f8819c3d4017574094e954953bf5bdfee8a5630cf7,.md,documentation
web-main,projects/web-main/docs/product/teaching_mode_independent_test_plan_20260626.md,6012,70afa29434e2851fa1b32621907e3fe5a2821bd2f36a05d9ce0e84c7c8dbc46b,.md,documentation
web-main,projects/web-main/docs/product/timechart_eeg_renderer_detailed_design_20260627.md,10015,8723e3feda7de7350ce27b45268707586b40d44a1a97cb8160de5270edac9906,.md,documentation
web-main,projects/web-main/docs/product/timechart_eeg_renderer_e2e_test_plan_20260627.md,9345,b74ae9d1a164c0accd98218bd07aea0533e16c1a789f7c87b11cc86160667568,.md,documentation
web-main,projects/web-main/docs/product/timechart_eeg_renderer_requirements_20260627.md,22864,49f3c4a15affb18a74c0a2da466cca1ccb76e92c62ca64fc741ed704cbc5b296,.md,documentation
web-main,projects/web-main/docs/product/timechart_webgl_renderer_handoff_to_claudecode_20260627.md,9822,f64c8becff9eade79c3b9c34473f913c8905287071fbbbb1f4b68adba7ccfafc,.md,documentation
web-main,projects/web-main/docs/product/user_guide.md,3197,2ed61453168a18ba304bd3fc1343c2bd6ab40db5e073ebca44dd680997c75c14,.md,documentation
web-main,projects/web-main/docs/product/waveform_canvas_workbench_claude_review_20260627.md,16108,02baee0abca019d608b808995fcb95d99bb3f2a13dc847a7e68768c21ad97b27,.md,documentation
web-main,projects/web-main/docs/product/waveform_canvas_workbench_codex_review_20260627.md,8217,cc791c92e6cdbd474eb82421cd69e5d0200360570468a70981ea6091a8e5ce1b,.md,documentation
web-main,projects/web-main/docs/product/waveform_canvas_workbench_dual_review_summary_20260627.md,3618,27bfe6abc3d2fa7035fbba408628b90e4218d64b0155647760da22de16210b39,.md,documentation
web-main,projects/web-main/docs/product/waveform_epilepsy_release_candidate_integration_receipt_20260628.md,5702,9ba91047785b3d4d17cb89c0a564114001b9236831db3c2e7f238badc6b37c42,.md,documentation
web-main,projects/web-main/docs/product/waveform_pc_source_alignment_analysis_20260628.md,18463,10564a912bcd8262831e2ca5fe4f24b13624ed55c442c17ccd858faea10f5c01,.md,documentation
web-main,projects/web-main/docs/product/waveform_preparation_workbench_canvas_contract_20260627.md,15974,eb634a73f335510189e65c08b6b377097ca8c081341816f05257fafe5b574a5c,.md,documentation
web-main,projects/web-main/docs/product/waveform_preparation_workbench_detailed_design_20260627.md,6404,3f7ea6e438e5e3766d59d633cd89e9f511881f5850121456f40f011ab845750c,.md,documentation
web-main,projects/web-main/docs/product/waveform_preparation_workbench_e2e_test_plan_20260627.md,3551,d157fc92ddb3b394936a5c6faaa087872103482998daeb1327440c19fdb120ab,.md,documentation
web-main,projects/web-main/docs/product/waveform_preparation_workbench_edfbrowser_interaction_claude_review_20260627.md,11364,9a53c42336c956cf1980b76d49f1d105b8dfd0ab6e0006735c4abf805370c2b1,.md,documentation
web-main,projects/web-main/docs/product/waveform_preparation_workbench_edfbrowser_interaction_codex_review_20260627.md,2408,3eb246813a7e50c8d8ed55b2ec3e12deb131a2f9152b045476fccf4f2cdb7072,.md,documentation
web-main,projects/web-main/docs/product/waveform_preparation_workbench_edfbrowser_interaction_detailed_design_20260627.md,8223,e9d03514a28de3493afc8073c328a2ca7d6811df581614f5c79efbdf84f314f1,.md,documentation
web-main,projects/web-main/docs/product/waveform_preparation_workbench_edfbrowser_interaction_dual_review_summary_20260627.md,3525,140e37ee802c6943edc6d5420cff0545b7e8a419bdf6f17b37271f40f27d3020,.md,documentation
web-main,projects/web-main/docs/product/waveform_preparation_workbench_edfbrowser_interaction_e2e_test_plan_20260627.md,6634,27eada57c33bdf46327dcddf7142eaa67b33201f9f0e4c196198ce1f524ae498,.md,documentation
web-main,projects/web-main/docs/product/waveform_preparation_workbench_edfbrowser_interaction_requirements_20260627.md,8853,43f2540710cb3e16a9c6eb653993241dd1e4c21ae17e37b074d344c33f361325,.md,documentation
web-main,projects/web-main/docs/product/waveform_preparation_workbench_requirements_20260627.md,4656,108cc9b1e7e8a6a11d4a83ec2511c51564589221b6a4aad83472ba538a6f3df3,.md,documentation
web-main,projects/web-main/docs/product/waveform_scoring_workbench_unified_design_20260629.md,9747,73d0183efab774c18c3b1ad3cedc35ebcef0a8f6c44a8226a5dde606b0757c8f,.md,documentation
web-main,projects/web-main/docs/product/waveform_workbench_DESIGN.md,7398,ca8824108f29dcf0e545b427b6274be643a27331685db5e6bc0cc50d5fffaa9a,.md,documentation
web-main,projects/web-main/docs/product/waveform_workbench_action_ui_fix_receipt_20260628.md,2747,25289d411243b6f05bf37160402dda23b1ec148811bb18ce1181fd2399a3b928,.md,documentation
web-main,projects/web-main/docs/product/waveform_workbench_anti_logic_defect_review_20260628.md,15731,fc2864a58c95f30a685bfe358aa6c6550b75afa7837893791bb7ee1495793115,.md,documentation
web-main,projects/web-main/docs/product/waveform_workbench_anti_logic_fix_receipt_20260628.md,3353,e7fd457e3d902a6182ac81a3d408826edccde5ba245dedc8093684d15df63897,.md,documentation
web-main,projects/web-main/docs/product/waveform_workbench_ar_local_interaction_reference_20260627.md,3731,47101b9be6ec8bb506d4bb7d51a4b6f8c7a46a6c5c2fbf4ef8204e26f6c5eca3,.md,documentation
web-main,projects/web-main/docs/product/waveform_workbench_chunk_api_fix_receipt_20260628.md,5397,f7cff7e672b514ba634b6525560eefa5df76a67b788a848e2e11b84a74f7fe09,.md,documentation
web-main,projects/web-main/docs/product/waveform_workbench_continuity_fix_receipt_20260628.md,3162,7eb033c364bf7e0bc001d11ea431bc7605ba1be260ac5f3ff426d9d63fb10285,.md,documentation
web-main,projects/web-main/docs/product/waveform_workbench_continuous_cleanup_status_20260628.md,4489,3f774f6cbf911004d03cd7bd76a0a75521ddc4789143c1757e4b8b13da8423eb,.md,documentation
web-main,projects/web-main/docs/product/waveform_workbench_customer_final_interaction_review_20260628.md,11079,d2a1568a222180e81e7599bc592c36ab02b06901a6b319253155f01e0ccb0d2b,.md,documentation
web-main,projects/web-main/docs/product/waveform_workbench_customer_page_review_20260628.md,13743,d0981b464d123386aee319ea9e06af427a1ba544e3359a6c759abdb9d8836cf8,.md,documentation
web-main,projects/web-main/docs/product/waveform_workbench_customer_ui_denoise_viewport_fix_receipt_20260628.md,4774,ede3232e2fec811952bc07c1184b84b4f1c7403971d0c477a177b2fd3350613d,.md,documentation
web-main,projects/web-main/docs/product/waveform_workbench_customer_ui_fix_receipt_20260628.md,4948,65b2dbb6baece0165e0c6a854b926398fe5d886bee2fb1b42162bed542dcc94b,.md,documentation
web-main,projects/web-main/docs/product/waveform_workbench_design_contract_cleanup_receipt_20260628.md,3533,fcd67bb75ee8537beabb8eac42fd63eb4d8d0d2383e03bdb0e4b20173ce6db84,.md,documentation
web-main,projects/web-main/docs/product/waveform_workbench_dual_mode_split_receipt_20260628.md,4430,aa46584b29d43237ac2aebb28ecf9eb8054031e15609ecf46d0002e1f5f0f454,.md,documentation
web-main,projects/web-main/docs/product/waveform_workbench_event_layer_policy_receipt_20260628.md,2957,396ef73f69339b9c44dfb145383477241d084ea134585a2506b443a541299bc7,.md,documentation
web-main,projects/web-main/docs/product/waveform_workbench_full_review_optimization_plan_20260628.md,12493,6594fd38388fbe339667d285adf4950e6d8139a319161d9b0553cdd3da659030,.md,documentation
web-main,projects/web-main/docs/product/waveform_workbench_git_collaboration_plan_20260627.md,4665,9bf5eaa2390ee05541b0f6c6b5a9557eb54502bed2091605bfe3dda8782a7481,.md,documentation
web-main,projects/web-main/docs/product/waveform_workbench_mainline_baseline_20260627.md,4765,b15421d3102c7eb9141b97c2d104965743d9378a66e49ec0e18f1595e8728c24,.md,documentation
web-main,projects/web-main/docs/product/waveform_workbench_module_detailed_design_20260627.md,6654,1732590734f8ae5faee93ab28e51a2265bb4682d5b3a4ec183ff6c69e44f941b,.md,documentation
web-main,projects/web-main/docs/product/waveform_workbench_module_e2e_test_plan_20260627.md,4369,e03b57a92e25b68fbc4bc11d2a4899544a8e296c044129af8d121d2f169b5822,.md,documentation
web-main,projects/web-main/docs/product/waveform_workbench_module_requirements_20260627.md,5515,452f44b6a2899817221a978c5d0dfbb7ace6511419da9253925e6a34e36ad99d,.md,documentation
web-main,projects/web-main/docs/product/waveform_workbench_overview_drag_receipt_20260628.md,1874,6605ed793b9385d7ed1fd91285b882496d6082197d052ed3e44f1d08286989b4,.md,documentation
web-main,projects/web-main/docs/product/waveform_workbench_p0_continuity_acceptance_review_20260628.md,4562,3a20ef69c88214c1ca4ff08773706a0f2715c8f8b1b397efefeb74acd81c5846,.md,documentation
web-main,projects/web-main/docs/product/waveform_workbench_p0_continuity_fix_receipt_20260628.md,3968,1e6265b9d9ac872e5703b3153e3203b4a833d126031e96ad44df26738d651865,.md,documentation
web-main,projects/web-main/docs/product/waveform_workbench_prefetch_cache_fix_receipt_20260628.md,3838,2327e5cf21f4f09b0d15fe1197b4fdb63607a8e0ba63407e09c1cdc8548ffea0,.md,documentation
web-main,projects/web-main/docs/product/waveform_workbench_same_page_toggle_receipt_20260628.md,3524,bea98229172a4dd0fb64ea1d296c7afa6063792d5bb07a30041fb62cc97a14cc,.md,documentation
web-main,projects/web-main/docs/product/waveform_workbench_self_adversarial_audit_20260628.md,4044,273507f5c5ab0dbb7a6fa491d19d7ce63865c0ba539af4b63f1c2ac8fed558f3,.md,documentation
web-main,projects/web-main/docs/product/waveform_workbench_self_audit_clean_mode_receipt_20260628.md,2328,ad96d5e8379f09d89bf15c7b9070bc1a265efbea8cfd91d21cadd580789c9970,.md,documentation
web-main,projects/web-main/docs/product/waveform_workbench_signal_first_layout_receipt_20260628.md,3481,4fb2ddd23585464f6deb8070829caabdbd7829ba56b9c37544e0053e9bdcb937,.md,documentation
web-main,projects/web-main/docs/product/waveform_workbench_toolbar_governance_cleanup_receipt_20260628.md,4958,eac99d5baf20e280e71427dd3fff8e809b19bc351bf26ab4e9e9b2ed89cb428b,.md,documentation
web-main,projects/web-main/docs/product/waveform_workbench_toolbar_governance_contract_20260628.md,4225,e531c6fb76e5e7ccdd1e7632b1f3d5a2d004a7cfd5e337b74f4da5a71d4237d1,.md,documentation
web-main,projects/web-main/docs/product/waveform_workbench_toolbar_progressive_disclosure_receipt_20260628.md,4237,509cb0b4a11e9ad7960103d6cb9b5b0c8dce64e9d4f91fd694916aba91e6e436,.md,documentation
web-main,projects/web-main/docs/product/waveform_workbench_triple_review_20260628.md,13641,17e7dde3ea4a2adba5cb9aef2860fba3050a1dbb83b8a9b9b2ed83af85999c94,.md,documentation
web-main,projects/web-main/docs/product_architecture.md,1766,af99d8efd68c5042ca80136b867706bff14bccc951830c088258a5dfac05220b,.md,documentation
web-main,projects/web-main/docs/quality/test_acceptance_design.md,7856,c5206216c71842511339888bb6f9330a419783d4db276242ee70b3d3da0f9960,.md,documentation
web-main,projects/web-main/docs/quality/visual_layout_design_spec.md,10068,126bd7559731a2600c6bb56082fa1c1f8c2eca763c9a648687740c1be80180a2,.md,documentation
web-main,projects/web-main/docs/release/aliyun_epilepsy_demo_20260721.md,4169,688595a5a4510eb311449c39e14a3bca20ca5d1d1053c66ecc13b449326fbf5d,.md,documentation
web-main,projects/web-main/docs/release/aliyun_v1_evidence_script_notes.md,3762,c56015fea6e6c203845c22397157654e93b3d486941efb380be3e55e6f82859d,.md,documentation
web-main,projects/web-main/docs/release/aliyun_v1_staging_smoke.md,6611,e7e3c3ef16c7a6757c8f5ba5c624053d5d08e39a5751db8266c144ebe0dd1bb4,.md,documentation
web-main,projects/web-main/docs/release/aliyun_v1_two_week_backlog.md,8506,5a33a91aa0fa50641510ff4c76df0f96214af4cd2601b852fdbcde24cb52ca2f,.md,documentation
web-main,projects/web-main/docs/release/dev_service_contract_check.md,1802,09e0de01c7f4676e936c74b403d9e9f8f65e767ba8e53d1685c0907306b5102e,.md,documentation
web-main,projects/web-main/docs/release/v1_release_evidence_package.md,5796,5b964266c4af90c3e6e37e13e3e2d3bdeda52cacce0682c8107789c86e0db9a1,.md,documentation
web-main,projects/web-main/docs/research_mvp.md,885,bb7281f08dbf2fa6717638303ccc36802edbdd24c9bd221aea0818ced9037b1b,.md,documentation
web-main,projects/web-main/docs/security_audit_summary.txt,7937,ed19bb6afa11f672b2a1970bab3ae5827d445adfcde697a7bcd92727b2c59c3c,.txt,documentation
web-main,projects/web-main/docs/templates/architecture_design_doc.md,801,3a643810134198567f2dd9048302e40ebe60f9fbc23d05d75e3b422c3929b5c3,.md,documentation
web-main,projects/web-main/docs/templates/conversation_sync_record.md,985,adbbd9ae4e57d560412953d1306122ba7d1b3d98baa59f150f053af6363d36bd,.md,documentation
web-main,projects/web-main/docs/templates/feishu_sync_summary.md,593,2649fe67d56c793d85e851fef83e58155444a321ff104e7014a6315722b98074,.md,documentation
web-main,projects/web-main/docs/templates/module_design_doc.md,1614,ee3d14f10f9e543442f01b4bbdc9a834dcc260824710a6a1c99b40c82194f4b6,.md,documentation
web-main,projects/web-main/docs/v01_pilot_architecture_plan.md,19831,7052b027017228091bfedb0508cb4bcce275fe38ec3af0d6de317dbd8ac45e98,.md,documentation
web-main,projects/web-main/docs/v01_production_readiness.md,4437,c1dab8c0f913fa46fa25f90944cf2a666a0a9a45b0ac53d4ac17e8753872ece6,.md,documentation
web-main,projects/web-main/eeg_core/__init__.py,34,512d561c87d0955c12f05fb3abe01f1f6f76d4d4294c91db2778ceea4373cec9,.py,source
web-main,projects/web-main/eeg_core/analysis/__init__.py,34,79a1ffcf65240b312860ba8a4deb6db7b9efa5e72e866921d17f519cb20bdc40,.py,source
web-main,projects/web-main/eeg_core/analysis/band_power.py,21706,70196298a3c3fddf6ad1d7b222ea3e3b48f1b7728103e84a988472d3c3ac872d,.py,source
web-main,projects/web-main/eeg_core/analysis/connectivity.py,21100,68e8cd969f75cc2f96ce3ea752f3f9d54d24e9193319d21d8d1f56f9f7bef478,.py,source
web-main,projects/web-main/eeg_core/analysis/epilepsy.py,21322,7e0f245c7f854bbd63288a42fdba73e788db53081d47b4c134a7ac51dbfd195e,.py,source
web-main,projects/web-main/eeg_core/analysis/epilepsy_ml.py,80244,a8c7e075f9c2d9277360e24006c306e5434f96e85e9a9ff08e4ec1d4469621f3,.py,source
web-main,projects/web-main/eeg_core/analysis/erp.py,26344,b2effe8f3710881a36db87383286b175a1009a0663e9a560f2c15384029cd971,.py,source
web-main,projects/web-main/eeg_core/analysis/multitaper_psd_tfr.py,38124,0b7fa99374b0c78370f7291e8a8f0d745864796b7916ed0f14fc7617c6b77f31,.py,source
web-main,projects/web-main/eeg_core/analysis/pac.py,38124,1b7eaa65e8df62caa5329a1f8362ccfb0b5d71aa45f14aceea340be4ca828a00,.py,source
web-main,projects/web-main/eeg_core/analysis/pac_v2.py,27325,19f4d99d25bc959e5611d84558bc4ce512f5c5c8f619362a023d3b37378a34a5,.py,source
web-main,projects/web-main/eeg_core/analysis/psd.py,26218,b508f83154295ae214fc2dd34559412ab4b1888b0c2e0a62a50fe610cfddd529,.py,source
web-main,projects/web-main/eeg_core/analysis/reference_csd.py,27778,8210695cbfedba526a0033514c015324c4a77584aa7536e8e540428fb7584be8,.py,source
web-main,projects/web-main/eeg_core/analysis/tfr.py,23529,f1a644583434d4d0285b6f932513e9c0bb86464d5d07cd580dac2489356d0f0a,.py,source
web-main,projects/web-main/eeg_core/analysis/time_frequency.py,117,0ee445f3b38735b9cbab938ce620700ef53d15d00d48601b2146bab407febe97,.py,source
web-main,projects/web-main/eeg_core/io/__init__.py,41,9f77cc2296f9a81d4b46222392d625bd71bd8143b7633fcc3acd9ef7c7aac2f4,.py,source
web-main,projects/web-main/eeg_core/io/metadata.py,2200,de8bd9b1aade4c3f813f22825cfa7489bf2b413c2403334fd19c05b1fb329bd1,.py,source
web-main,projects/web-main/eeg_core/io/readers.py,1910,8aa16adbdb2c5cd0fffd9c61e7c50f80733bf1ca915b30ece896f61f4c23cde6,.py,source
web-main,projects/web-main/eeg_core/io/streaming_reader.py,9210,459fdee71b275f25c1ccce750abee7b053a8ddfa5ca2a2cd61c2809f1fc744d3,.py,source
web-main,projects/web-main/eeg_core/preprocess/__init__.py,32,8de2ac401d3f79546a615d7a6f6e5845324b9ec9a88c623378b792bf074a5f1a,.py,source
web-main,projects/web-main/eeg_core/preprocess/filter.py,129,0fd08f3e8ffee5bcb5adcd8a90db8cb192b62e86df25c4aad9ade0edf90ec4d5,.py,source
web-main,projects/web-main/eeg_core/preprocess/qc_preview.py,21554,95ac52c3ac1828c59a5cf9aca41c92c9114605df1a6d6f17d6db23719df75bed,.py,source
web-main,projects/web-main/eeg_core/preprocess/quality.py,6178,bda595d6b3580e859c02b7358f7c6ed649cbc07e9ff7064fbc2ec5b3a329161b,.py,source
web-main,projects/web-main/eeg_core/preprocess/rereference.py,105,95cb3fb1d9eb3c58030573beff61a62ccf1e9b8fc230a861ffdf6ea8cbe0ee69,.py,source
web-main,projects/web-main/eeg_core/preprocess/resample.py,117,dd733e22caf6888c599d5bb6c58b437d9eb6dac79c33820e6989e0e274e99aaa,.py,source
web-main,projects/web-main/eeg_core/report/__init__.py,34,89902f189af43a4c01930b0018c59d264f2d06f0266e15bf4fd75d994f1935cb,.py,source
web-main,projects/web-main/eeg_core/report/html_report.py,12496,af2dbeadd1efe8989dff01398b6dd1801c1a632864412510d1e3ff1d87fa2ff5,.py,source
web-main,projects/web-main/eeg_core/report/method_text.py,147,68a0bbd28930abf2ea37d4ac6de6638713b1e4102ee80716b5525ae49dee165d,.py,source
web-main,projects/web-main/eeg_core/report/pdf_report.py,5967,25ebe76f42f17fec6ed6089f3a2fcf6c07c6856b855f6a8626ebf1bb05c72690,.py,source
web-main,projects/web-main/eeg_core/report/reproducibility.py,15425,2989406008beea9a78845087ebd909a219dedbd04a4d81108a4371efd9461d9a,.py,source
web-main,projects/web-main/eeg_core/resources/epilepsy_ml/model_manifest.json,1402,59b7f5e35ea9dfd8525a4d18b73248b014123500b15cd81a316a00430c934374,.json,configuration-or-contract
web-main,projects/web-main/eeg_core/resources/epilepsy_ml/newEpilepsy/model_n1814_5s.sav,4156984,907ca24bd22067be367a1aec988f420c8588bc249146b8fbdd956e2bbd58060b,.sav,other
web-main,projects/web-main/eeg_core/resources/epilepsy_ml/newEpilepsy/model_n762_3s.sav,2747161,4bf86729f278fa4224c4fbe5007f51e37c194db4f16fc5a68238c3602af86dd7,.sav,other
web-main,projects/web-main/eeg_core/resources/epilepsy_ml/newEpilepsy/scaler_n1814_5s.sav,767,cb4199ee1564d717ec55b0089dbd008a654a40cd810bfa7467ee1e67a4d0ced1,.sav,other
web-main,projects/web-main/eeg_core/resources/epilepsy_ml/newEpilepsy/scaler_n762_3s.sav,767,10aaee616dbe247f1f38a159faf28a24d199bfb259f6a8bc3ecf8c822905c0b2,.sav,other
web-main,projects/web-main/eeg_core/stats/__init__.py,37,317e43f20e92895c5b703f7fefbaa4a502011e9f957547c7745be1e4ec0f06a7,.py,source
web-main,projects/web-main/eeg_core/stats/group_level.py,138,06e71a434d376c5f37d05619b6a5318e531f1e0131e4210508a93ff384ad4bad,.py,source
web-main,projects/web-main/eeg_core/stats/subject_level.py,105,d0a6a904ae5d1d7e712f3ee2254739e7483cc051caa1c81f813fd3989234e5b5,.py,source
web-main,projects/web-main/eeg_core/workflow/__init__.py,35,9d2f56eb5e86417f62ab8dff1bcfc571ae3fd3f13d840fe775cf23069b3f0f0a,.py,source
web-main,projects/web-main/eeg_core/workflow/runner.py,203,30744b343318b60b31122125d4f3b48c90f3c5d69a6c4594c16cf71c93f72248,.py,source
web-main,projects/web-main/eeg_core/workflow/schema.py,242,b93ab998158eca1d00f005ea5350743f49d5a7c340885e0db7f98572737b7d8f,.py,source
web-main,projects/web-main/frontend/DEPLOY.md,1094,a3f75942666639468daec65c017609f9139bf9a3ae4f87474e31146b0c3cb4ae,.md,documentation
web-main,projects/web-main/frontend/Dockerfile,113,a33d6a8bdb6c9e66265256d888862673e05f1f23d246b7e4b2d8edec9839d077,,other
web-main,projects/web-main/frontend/app.js,538823,719d03f1f4cf154a71ca829c76115bd014e2ceffc93770eeb48452918c217142,.js,source
web-main,projects/web-main/frontend/assets/analysis-erp.png,158399,24f9962c7218f82f01dab62225d4bfa7d09ab743eeb16c2cc6f535287cb6a5d0,.png,static-evidence-or-asset
web-main,projects/web-main/frontend/assets/analysis-erp.svg,9985,506386decc06ff659f824581256024677b83230e9f1a1d6769965ed5a7c015f2,.svg,static-evidence-or-asset
web-main,projects/web-main/frontend/assets/analysis-ica.png,332189,09d994999b639f6deb0fd3340741f459cecb41a7ae05e3595669e751aae2f777,.png,static-evidence-or-asset
web-main,projects/web-main/frontend/assets/analysis-ica.svg,6926,1823f8a1a76aa61ecb31fbdabfc1b0e98395a0f14b7521cef7e03f959dbff70e,.svg,static-evidence-or-asset
web-main,projects/web-main/frontend/assets/analysis-ml.png,31659,36a97bc3a7476d66da54161f9461972bce6627a9ac13b6d6c7a8a383c7aa11f0,.png,static-evidence-or-asset
web-main,projects/web-main/frontend/assets/analysis-ml.svg,2421,0061b950e08fb321bbada898a1d6091939769e79c2580b3091263d19aab6c05d,.svg,static-evidence-or-asset
web-main,projects/web-main/frontend/assets/analysis-psd.png,76879,7b2f10f3f5b64b59525f98fee907060ee54ec2d40abaadc63d289ba82c2e479c,.png,static-evidence-or-asset
web-main,projects/web-main/frontend/assets/analysis-psd.svg,3520,e61af8b437f21ca6630fd30cb224abf49b55356ed6267397004d1b8b63a0916c,.svg,static-evidence-or-asset
web-main,projects/web-main/frontend/assets/analysis-raw-segment.png,203122,6a9606566e0a9a04b896de726fc85a90a78ec3665fe7c258720baf684cba62ba,.png,static-evidence-or-asset
web-main,projects/web-main/frontend/assets/analysis-raw-segment.svg,30758,fcb48c5aaa3cb6b12d9e3b4f3af3eee0c9dfd3637040db7ca68ed84a1123304e,.svg,static-evidence-or-asset
web-main,projects/web-main/frontend/assets/analysis-source.png,290055,6ca8a7a05c3a02c557cd7b88812632605a2793e576941aa10f54a48a94d0c1e0,.png,static-evidence-or-asset
web-main,projects/web-main/frontend/assets/analysis-source.svg,1265,3486f89fa509fa6c732ad388c36d4e8e26cc85e27c0b0e1feeb13892a7a873b0,.svg,static-evidence-or-asset
web-main,projects/web-main/frontend/assets/analysis-timefreq.png,47302,92315e5f3d9533efb6e33a168e39f59ec90dc2ebaf56be682997d0ef15eb4afc,.png,static-evidence-or-asset
web-main,projects/web-main/frontend/assets/analysis-timefreq.svg,160242,b412e7c68f49e2163092c94e50d781969fd92076445548f2a61b05e3f11a5aa8,.svg,static-evidence-or-asset
web-main,projects/web-main/frontend/assets/analysis_manifest.json,4749,38bcaa9e0151766edbf7798d0a4f38bd383ae38f481e69a815519b27e94b4607,.json,configuration-or-contract
web-main,projects/web-main/frontend/assets/bandpower_long_format.csv,2808,8ac57796fe8a1ab71e10de7d4c31743870cdea1f07cd47d9e67510e4dae07dcd,.csv,static-evidence-or-asset
web-main,projects/web-main/frontend/assets/customer_oddball_case/customer_analysis_manifest.json,2714,bf67e2756bac0454a3f9f73ce7de4eb84bccfd8b5549c83d879e4bf020b3801d,.json,configuration-or-contract
web-main,projects/web-main/frontend/assets/customer_oddball_case/customer_analysis_reference_manifest.json,1026,2127fd5b0bd146abbb1d81d402ba92250b8fa0479d80ce07218ab88cc4fda6ec,.json,configuration-or-contract
web-main,projects/web-main/frontend/assets/customer_oddball_case/customer_figure_caption.txt,643,5707f242403b02daea964cbf815ea9d53efcc6863d63f92795fd4be5908a0fd2,.txt,documentation
web-main,projects/web-main/frontend/assets/customer_oddball_case/customer_methods.txt,979,e67e432e9b21167437e02a5dbaecbaaac0d57cf0ffc853ee55a402518da2d820,.txt,documentation
web-main,projects/web-main/frontend/assets/customer_oddball_case/customer_oddball_erp_pz.png,137018,fada9574708471f94ef1077c673a34d7305cfa2f98b82401659f9e00e8c5c791,.png,static-evidence-or-asset
web-main,projects/web-main/frontend/assets/customer_oddball_case/customer_oddball_p300_topomap.png,133608,b553d31a909e46c658e00ba9e8fe91653af15f30e1618f812b1518c300fc04c0,.png,static-evidence-or-asset
web-main,projects/web-main/frontend/assets/customer_oddball_case/customer_oddball_run_summary.json,12673,34f6411b1fb5be0fb91a1247896ad20da6e7c1c886a0838678afe324f5bbfd61,.json,configuration-or-contract
web-main,projects/web-main/frontend/assets/customer_oddball_case/customer_statistics_summary.csv,861,d53c84001594e0e648320401cf20456a3d3e061fb34110f1d9bf9e2361493ff5,.csv,static-evidence-or-asset
web-main,projects/web-main/frontend/assets/customer_oddball_case/customer_subject_level_metrics.csv,4050,ecc5c543cbc6765fb4ca93a02be5aae1519e2f673222e3a5002a7a54ea5ad254,.csv,static-evidence-or-asset
web-main,projects/web-main/frontend/assets/customer_oddball_case/sub-001_events.tsv,826,5b76226745881a823998f2be12b6a5d13562cb9c058735f2c352246cf1131925,.tsv,static-evidence-or-asset
web-main,projects/web-main/frontend/assets/customer_oddball_case/sub-002_events.tsv,826,5b76226745881a823998f2be12b6a5d13562cb9c058735f2c352246cf1131925,.tsv,static-evidence-or-asset
web-main,projects/web-main/frontend/assets/figure_caption.txt,643,5707f242403b02daea964cbf815ea9d53efcc6863d63f92795fd4be5908a0fd2,.txt,documentation
web-main,projects/web-main/frontend/assets/high_concurrency_architecture.json,4427,5d6a20e0e134adb695427bab533959018bf62d8238a918f82e5d290e117256ae,.json,configuration-or-contract
web-main,projects/web-main/frontend/assets/high_concurrency_capacity_model.csv,626,78ccd8608e547d376988e5ada8f3b1a36e580fdf2061beea3bd2b31644892c9d,.csv,static-evidence-or-asset
web-main,projects/web-main/frontend/assets/high_concurrency_playbook.md,2912,685fb1a777ed047788d1f63c42962d4d51393f65f75bca293ceac9c465f9a742,.md,documentation
web-main,projects/web-main/frontend/assets/methods_snippet.txt,979,e67e432e9b21167437e02a5dbaecbaaac0d57cf0ffc853ee55a402518da2d820,.txt,documentation
web-main,projects/web-main/frontend/assets/paradigm_benchmark/auditory_assr_40hz/auditory_assr_40hz_events.tsv,210,f05af31d0b9852ae7bde58aa0b17fa0f155d4f036cdb2a12c083e65b5bb71f2f,.tsv,static-evidence-or-asset
web-main,projects/web-main/frontend/assets/paradigm_benchmark/auditory_assr_40hz/metadata.json,682,0fd0b6b655dcfe6a39b97b03bde7ae3e6427d294cc7eb8dfb2e320860191deeb,.json,configuration-or-contract
web-main,projects/web-main/frontend/assets/paradigm_benchmark/auditory_mmn/auditory_mmn_events.tsv,434,ef652cdd775e1cbe1fa7397b7fec2ed736506788a97e5e9d3caba56a6aa9e41e,.tsv,static-evidence-or-asset
web-main,projects/web-main/frontend/assets/paradigm_benchmark/auditory_mmn/metadata.json,660,301e580dee0256da25a2806c48c7d50fa79db76b03332b569c4b46b90425fbd6,.json,configuration-or-contract
web-main,projects/web-main/frontend/assets/paradigm_benchmark/auditory_oddball_p300/auditory_oddball_p300_events.tsv,430,93f65d17e5ee14a45be852881a5ab169352d80b285f70fe547e8d6ce0eb99fdf,.tsv,static-evidence-or-asset
web-main,projects/web-main/frontend/assets/paradigm_benchmark/auditory_oddball_p300/metadata.json,685,1c3ae6fa218667f1e8d9939c8d0a1a9707ef3ccdce866a3067ea90e73b679ece,.json,configuration-or-contract
web-main,projects/web-main/frontend/assets/paradigm_benchmark/emotional_lpp/emotional_lpp_events.tsv,428,839ed0cab3bfc3b40ca6f406fb964a3044d98f533d187bf2b9724fb051e8401c,.tsv,static-evidence-or-asset
web-main,projects/web-main/frontend/assets/paradigm_benchmark/emotional_lpp/metadata.json,681,bfe2960b5ec770c460897841d43bfecef56a67b959d7abe5511d6f49457c85c4,.json,configuration-or-contract
web-main,projects/web-main/frontend/assets/paradigm_benchmark/error_related_negativity/error_related_negativity_events.tsv,412,f97a17b3b1718373df3bd14219540b3a2cdff56f7f1b9b3ba3e2e202c2e441ac,.tsv,static-evidence-or-asset
web-main,projects/web-main/frontend/assets/paradigm_benchmark/error_related_negativity/metadata.json,688,ba670f48edb412abf64461b289182f6d5b68f4fde15b6e37515a8bae2dad5847,.json,configuration-or-contract
web-main,projects/web-main/frontend/assets/paradigm_benchmark/expert_reviewer_report.md,1926,0e4e2b4a74ad56c66bf1e524740e95f6f81e38c81d79212516ce5554e87f93e0,.md,documentation
web-main,projects/web-main/frontend/assets/paradigm_benchmark/face_n170/face_n170_events.tsv,374,7ca86d05268fef1820b5cf764ed130c0760ca26279f9e8d0082da946d41dd76f,.tsv,static-evidence-or-asset
web-main,projects/web-main/frontend/assets/paradigm_benchmark/face_n170/metadata.json,663,7c80c7415d5e9d5d779956e080002ab9e388812108008293d4ba98240d7553e2,.json,configuration-or-contract
web-main,projects/web-main/frontend/assets/paradigm_benchmark/flanker_conflict_ern/flanker_conflict_ern_events.tsv,444,a98b2103aaee815d416ce24144910c0d8b7088f42c09bed41afb83da2971c20a,.tsv,static-evidence-or-asset
web-main,projects/web-main/frontend/assets/paradigm_benchmark/flanker_conflict_ern/metadata.json,720,cf89bed17897ec237f47071c4b8d48232db7cd0824c277c869238e63a7be9f3b,.json,configuration-or-contract
web-main,projects/web-main/frontend/assets/paradigm_benchmark/go_nogo_inhibition/go_nogo_inhibition_events.tsv,338,3ecf4e0ac5b3a9e9711cf49593d2647f8c58891280a96eee5c8f07a2426cdc1f,.tsv,static-evidence-or-asset
web-main,projects/web-main/frontend/assets/paradigm_benchmark/go_nogo_inhibition/metadata.json,682,72738c6ef8df8065862885062213dd1fa1f1b54f0f777ef1ac8a82d2a0931018,.json,configuration-or-contract
web-main,projects/web-main/frontend/assets/paradigm_benchmark/meditation_alpha_theta/meditation_alpha_theta_events.tsv,74,60459a244eef94a4211de853d6949c406777cd18ad2070593c196f6fc7e14977,.tsv,static-evidence-or-asset
web-main,projects/web-main/frontend/assets/paradigm_benchmark/meditation_alpha_theta/metadata.json,694,0d0a25e03d559f02109e5c84b1629c3dceebfd5ded7f08bc4c6f324d9985fed1,.json,configuration-or-contract
web-main,projects/web-main/frontend/assets/paradigm_benchmark/motor_execution_mrp/metadata.json,677,d5b8348e6c780b456e1058b45fdcfcdc78aacd28f592e6ed613a7d892c6cf346,.json,configuration-or-contract
web-main,projects/web-main/frontend/assets/paradigm_benchmark/motor_execution_mrp/motor_execution_mrp_events.tsv,460,b3c5f50dc377ffe08c96f56856cb00993ad43eb7b06726e3e849d066a3ae6dbb,.tsv,static-evidence-or-asset
web-main,projects/web-main/frontend/assets/paradigm_benchmark/motor_imagery_lr/metadata.json,682,4e6430aa36de6dd45acc27ae9c1c9c886cde299dc52918153dd3f808de250d91,.json,configuration-or-contract
web-main,projects/web-main/frontend/assets/paradigm_benchmark/motor_imagery_lr/motor_imagery_lr_events.tsv,460,1ec25034ad08410f99e009ce7eae26a7b5252051067b35ee005e19184f211e2a,.tsv,static-evidence-or-asset
web-main,projects/web-main/frontend/assets/paradigm_benchmark/nback_working_memory/metadata.json,685,d49cdfe388e336f68e952985ed37a20806ce9a4ebd3ac288b00c0039adc18fea,.json,configuration-or-contract
web-main,projects/web-main/frontend/assets/paradigm_benchmark/nback_working_memory/nback_working_memory_events.tsv,384,b16d79b815f6e52e1864e1c44ae6aa0e10c418a94d205f935f55e2414a61a45f,.tsv,static-evidence-or-asset
web-main,projects/web-main/frontend/assets/paradigm_benchmark/paradigm_benchmark_results.csv,2416,a3afb78f3754ae7493b4bc735660566cae0424ea567ed03d37136fbed8f9f2e4,.csv,static-evidence-or-asset
web-main,projects/web-main/frontend/assets/paradigm_benchmark/paradigm_index.json,16670,21d06d4995779a7b854417c5fed044d47cb39136e886dd528ecc25e50c19779e,.json,configuration-or-contract
web-main,projects/web-main/frontend/assets/paradigm_benchmark/rest_eyes_open_closed/metadata.json,699,4b25557e3e2c6289755c7111f6e4be70807a1996637935a5eabe4029aeea446e,.json,configuration-or-contract
web-main,projects/web-main/frontend/assets/paradigm_benchmark/rest_eyes_open_closed/rest_eyes_open_closed_events.tsv,76,b0d89112a2996bc9366b8b80f038df4ce9b4447037e0133fc7054279f297fda4,.tsv,static-evidence-or-asset
web-main,projects/web-main/frontend/assets/paradigm_benchmark/semantic_n400/metadata.json,678,7f2893aaf006d008d5e6ec59b9f6bb4bb96cf841882702266b628a35811092cc,.json,configuration-or-contract
web-main,projects/web-main/frontend/assets/paradigm_benchmark/semantic_n400/semantic_n400_events.tsv,428,21e36d18bfa41ceea085b9308a648e0c44030f7df993421267bba1c649030991,.tsv,static-evidence-or-asset
web-main,projects/web-main/frontend/assets/paradigm_benchmark/sleep_spindle_kcomplex/metadata.json,716,2984b423dc448f911bbae38d7794523013d0c48bec32c8f2ff53a4e212641623,.json,configuration-or-contract
web-main,projects/web-main/frontend/assets/paradigm_benchmark/sleep_spindle_kcomplex/sleep_spindle_kcomplex_events.tsv,139,86728a0b2889dbbb9e2cde9351cebe956c80428f694690b19f536e1759960798,.tsv,static-evidence-or-asset
web-main,projects/web-main/frontend/assets/paradigm_benchmark/somatosensory_sep/metadata.json,692,9f82ae2886e688dd25ffd9ced6db4e38061cacfa5b7f9db72d417e9504e13c43,.json,configuration-or-contract
web-main,projects/web-main/frontend/assets/paradigm_benchmark/somatosensory_sep/somatosensory_sep_events.tsv,460,956c1010a1f65e82275961f8b1d5c0c953af6a8bc7e7c6df141af2f35bc22569,.tsv,static-evidence-or-asset
web-main,projects/web-main/frontend/assets/paradigm_benchmark/ssvep_frequency_tagging/metadata.json,684,bd5e9d3991d24d6e3960f3f604aa2b75d6561bb06a9a8cdd0b904719ef7d8593,.json,configuration-or-contract
web-main,projects/web-main/frontend/assets/paradigm_benchmark/ssvep_frequency_tagging/ssvep_frequency_tagging_events.tsv,242,eb8157900068753d1b7925c938cc65a85880f46c0cdaf56c36058abc89f30f6a,.tsv,static-evidence-or-asset
web-main,projects/web-main/frontend/assets/paradigm_benchmark/stroop_conflict/metadata.json,687,2d164d5f65bd770790bf5d96aea5e34825e797b9b4fbd84ee11e71e30ffb7710,.json,configuration-or-contract
web-main,projects/web-main/frontend/assets/paradigm_benchmark/stroop_conflict/stroop_conflict_events.tsv,464,897816645121606a3dad6a48b8206dfa86fa282e6c6b222c0c69cca9799bde47,.tsv,static-evidence-or-asset
web-main,projects/web-main/frontend/assets/paradigm_benchmark/visual_oddball_p300/metadata.json,683,ba699924e9781484c844a4400ecf453dd756d2b7d08d14be9103e9f6c0f7111e,.json,configuration-or-contract
web-main,projects/web-main/frontend/assets/paradigm_benchmark/visual_oddball_p300/visual_oddball_p300_events.tsv,430,93f65d17e5ee14a45be852881a5ab169352d80b285f70fe547e8d6ce0eb99fdf,.tsv,static-evidence-or-asset
web-main,projects/web-main/frontend/assets/paradigm_benchmark/visual_search_n2pc/metadata.json,684,674f99734be10c104a535663452933e05ef5bf3e11f0203a3f1ba2d30d945892,.json,configuration-or-contract
web-main,projects/web-main/frontend/assets/paradigm_benchmark/visual_search_n2pc/visual_search_n2pc_events.tsv,496,c6fa4928fba496ca4ad42cc26879e508a3fe2efc590b39883f4332ed2973ef6f,.tsv,static-evidence-or-asset
web-main,projects/web-main/frontend/assets/pipeline_config.json,1145,750c09a4fc9ce7fc840c7488eb9a15b90b34d7b92f97f70b1b1179597c6e5875,.json,configuration-or-contract
web-main,projects/web-main/frontend/assets/publication-bandpower-statistics.png,108045,0a38d31940dd2d7782f5b597b3e809dee1489c4836e2cb42f7c4ab040ca82185,.png,static-evidence-or-asset
web-main,projects/web-main/frontend/assets/publication-erp-grand-average.png,202177,a83bec18724a0e9017b8e55d1bff13ea422efad4b5cf314489585e89c2bf845a,.png,static-evidence-or-asset
web-main,projects/web-main/frontend/assets/publication-main-figure.png,555372,d25b113d9e80c615fb9f0ae73fae913fcfffe6218366dd51410df70742b26c8b,.png,static-evidence-or-asset
web-main,projects/web-main/frontend/assets/publication-qc-dashboard.png,68604,5de45724baa9a846d23641daae61a08f673f0cecc6645cdc70ad5aaafa612a10,.png,static-evidence-or-asset
web-main,projects/web-main/frontend/assets/qlanalyser-neuron-firing-bg.png,1793547,6a6687369da67eea8d24b3d9002e5dcf1b83c78bd68cead345db02c6f7d274d0,.png,static-evidence-or-asset
web-main,projects/web-main/frontend/assets/research-modules/figures/analysis-erp.png,158399,24f9962c7218f82f01dab62225d4bfa7d09ab743eeb16c2cc6f535287cb6a5d0,.png,static-evidence-or-asset
web-main,projects/web-main/frontend/assets/research-modules/figures/analysis-ica.png,332189,09d994999b639f6deb0fd3340741f459cecb41a7ae05e3595669e751aae2f777,.png,static-evidence-or-asset
web-main,projects/web-main/frontend/assets/research-modules/figures/analysis-psd.png,76879,7b2f10f3f5b64b59525f98fee907060ee54ec2d40abaadc63d289ba82c2e479c,.png,static-evidence-or-asset
web-main,projects/web-main/frontend/assets/research-modules/figures/analysis-raw-segment.png,203122,6a9606566e0a9a04b896de726fc85a90a78ec3665fe7c258720baf684cba62ba,.png,static-evidence-or-asset
web-main,projects/web-main/frontend/assets/research-modules/figures/analysis-source.png,290055,6ca8a7a05c3a02c557cd7b88812632605a2793e576941aa10f54a48a94d0c1e0,.png,static-evidence-or-asset
web-main,projects/web-main/frontend/assets/research-modules/figures/analysis-timefreq.png,47302,92315e5f3d9533efb6e33a168e39f59ec90dc2ebaf56be682997d0ef15eb4afc,.png,static-evidence-or-asset
web-main,projects/web-main/frontend/assets/research-modules/figures/connectivity-network-preview-publication.png,87669,10046df4afb3edb24a76c79abcaccb3eba65cd5115a972a35464f9f5c8dd32eb,.png,static-evidence-or-asset
web-main,projects/web-main/frontend/assets/research-modules/figures/erp-grand-average-publication.png,202177,a83bec18724a0e9017b8e55d1bff13ea422efad4b5cf314489585e89c2bf845a,.png,static-evidence-or-asset
web-main,projects/web-main/frontend/assets/research-modules/figures/overview-main-figure.png,555372,d25b113d9e80c615fb9f0ae73fae913fcfffe6218366dd51410df70742b26c8b,.png,static-evidence-or-asset
web-main,projects/web-main/frontend/assets/research-modules/figures/pac-comodulogram-preview-publication.png,136251,79fac26c9694753206f2534e65e3b40eb386d1a1c2a1f0e36a83c62f8e628106,.png,static-evidence-or-asset
web-main,projects/web-main/frontend/assets/research-modules/figures/psd-bandpower-publication.png,108045,0a38d31940dd2d7782f5b597b3e809dee1489c4836e2cb42f7c4ab040ca82185,.png,static-evidence-or-asset
web-main,projects/web-main/frontend/assets/research-modules/figures/publication-main-figure.png,555372,d25b113d9e80c615fb9f0ae73fae913fcfffe6218366dd51410df70742b26c8b,.png,static-evidence-or-asset
web-main,projects/web-main/frontend/assets/research-modules/figures/qc-dashboard-publication.png,68604,5de45724baa9a846d23641daae61a08f673f0cecc6645cdc70ad5aaafa612a10,.png,static-evidence-or-asset
web-main,projects/web-main/frontend/assets/research-modules/figures/qlanalyser-neuron-firing-bg.png,1407687,69af9c3eccea7b824795aa49ab54d6b63d16d3927e6d4324b5c203b1a6c23737,.png,static-evidence-or-asset
web-main,projects/web-main/frontend/assets/research-modules/figures/tfr-ersp-itc-preview-publication.png,143762,f3b622b155b228d7a685a46c9ec603ea8152b8d3f1a4fccc8a1bf987290ff0e8,.png,static-evidence-or-asset
web-main,projects/web-main/frontend/assets/research-modules/reproducibility/caption_connectivity_preview.txt,218,91439490c18c3f756f448221bcfa7b036a40e8c8904e46b64ec33164d2104cd0,.txt,documentation
web-main,projects/web-main/frontend/assets/research-modules/reproducibility/caption_erp.txt,243,f0323cc84818f95fa0f631de31f309ac461a78be6b993ee7b8450e979ba18f85,.txt,documentation
web-main,projects/web-main/frontend/assets/research-modules/reproducibility/caption_pac_preview.txt,227,b6d1e67b2a561ba260d23253d9735c248a0ad97d429dc10082ce401b801a25df,.txt,documentation
web-main,projects/web-main/frontend/assets/research-modules/reproducibility/caption_psd.txt,219,72a61a15112cf2c770af1f3dadc89728fef9f15e36f5009dd7d99e29710402e5,.txt,documentation
web-main,projects/web-main/frontend/assets/research-modules/reproducibility/caption_qc.txt,206,e583d336ddb013c85e2f13f5c9eae332d2926d346bde18a4905139774ddd5462,.txt,documentation
web-main,projects/web-main/frontend/assets/research-modules/reproducibility/caption_tfr_preview.txt,226,1a68bf7631eb3562a5abb2df5850f8f9f59db2ba2472c7ba613cf4588a3ffce6,.txt,documentation
web-main,projects/web-main/frontend/assets/research-modules/reproducibility/methods_connectivity_preview.txt,171,660f4246bd086c545676950eef42e6dc30c6a14717b07725a990930f366aa076,.txt,documentation
web-main,projects/web-main/frontend/assets/research-modules/reproducibility/methods_erp.txt,229,0b75b2af3152b33e91e95ae660bf93768b3526c2b292d3ec1b80a5c3df4298ab,.txt,documentation
web-main,projects/web-main/frontend/assets/research-modules/reproducibility/methods_pac_preview.txt,177,513d3c269fad16b68b699b90ec78e0aaecb0ad19748f0e67cb81198c0c3b54ae,.txt,documentation
web-main,projects/web-main/frontend/assets/research-modules/reproducibility/methods_psd.txt,210,6dc0b96e5300d5a7bfd5594af207c3ad830cfc1728ddc313eb3f99e2edcef9e3,.txt,documentation
web-main,projects/web-main/frontend/assets/research-modules/reproducibility/methods_qc.txt,252,b48dc69000c6c97980d3d495715ee196c523575b7ed4c4efb3edbc9524260c9b,.txt,documentation
web-main,projects/web-main/frontend/assets/research-modules/reproducibility/methods_tfr_preview.txt,197,c295b1fa48a73bd0a01f727db4c1ebb010239b0d7afebdef5122490b53f32626,.txt,documentation
web-main,projects/web-main/frontend/assets/research-modules/reproducibility/mne_research_reference.json,980,97d21fa2f8dbc5f541556b186656572f7860b483bcfd0d04a5f047f7f7db5200,.json,configuration-or-contract
web-main,projects/web-main/frontend/assets/research-modules/reproducibility/parameters_connectivity.json,259,38f1962552f1b74855872ca20548adba2d439ecacc35668c0c5b46b3f03a9f69,.json,configuration-or-contract
web-main,projects/web-main/frontend/assets/research-modules/reproducibility/parameters_erp.json,283,73a62f6cd0e8a6d63fcc8374d93d184dc33227ff80f0a4791bbc05f34e1888e2,.json,configuration-or-contract
web-main,projects/web-main/frontend/assets/research-modules/reproducibility/parameters_pac.json,234,e79768ff394a3ba38b6e346356c551e3b5f0bf0b724b49ddecadf5e93bd328f7,.json,configuration-or-contract
web-main,projects/web-main/frontend/assets/research-modules/reproducibility/parameters_psd.json,301,439f414ab373377b1ec59b3d97bf09a8e88c5253bf93c03409104374420b4871,.json,configuration-or-contract
web-main,projects/web-main/frontend/assets/research-modules/reproducibility/parameters_qc.json,234,4a2e4dfffd5ede6d50e44c2527281b998312f1860afb902a6d309bd952d3a0c2,.json,configuration-or-contract
web-main,projects/web-main/frontend/assets/research-modules/reproducibility/parameters_tfr.json,165,8c4540d84a2fc57ba8ad05ffceda201265162ca2b5ad7dd507514c4f6b06a59d,.json,configuration-or-contract
web-main,projects/web-main/frontend/assets/research-modules/reproducibility/research_module_manifest.json,17790,83e8ae90bb122cfe8d6ceb0fbac2eabca8da67d375e507dff18ba16089e76d36,.json,configuration-or-contract
web-main,projects/web-main/frontend/assets/research-modules/reproducibility/research_reviewer_checklist.json,567,871deee92dc908d241ce1a085b24fd2d81d6335b16713ff3f7847d12ba68974f,.json,configuration-or-contract
web-main,projects/web-main/frontend/assets/research-modules/reproducibility/summary_connectivity_preview.json,123,8184d35b59336fa3de628f8c88c7f314dabf1918ce0b447c6fe2b81d1d6fd3e7,.json,configuration-or-contract
web-main,projects/web-main/frontend/assets/research-modules/reproducibility/summary_erp.json,215,28f3f8714cb43b6c55402e034f59af52dd9ca3a8cbd9bae2de5fcdbb1b0ade2f,.json,configuration-or-contract
web-main,projects/web-main/frontend/assets/research-modules/reproducibility/summary_pac_preview.json,141,6c36267ef966cb4146a0546d1f692722707e82e2a5f9add788ff1cfeb207549d,.json,configuration-or-contract
web-main,projects/web-main/frontend/assets/research-modules/reproducibility/summary_psd.json,226,e7a7a1b4427c09168f62a964d75fba858b0d4ae7e07e135dcad69adc336ee4c6,.json,configuration-or-contract
web-main,projects/web-main/frontend/assets/research-modules/reproducibility/summary_qc.json,345,037456a71949e151ec9758dcfde744cbb6aa062f567395bc496233cd0afdacde,.json,configuration-or-contract
web-main,projects/web-main/frontend/assets/research-modules/reproducibility/summary_tfr_preview.json,131,87054381232dd7111f5da18f853d799d3c4e1fcd492c34e9523a08c5d7e73cca,.json,configuration-or-contract
web-main,projects/web-main/frontend/assets/research-modules/reproducibility/synthetic_research_metadata.json,231,fba30c7bf275af779ffa915430d025668bb056228abb73c4a3fff50639388217,.json,configuration-or-contract
web-main,projects/web-main/frontend/assets/research-modules/tables/connectivity_edges_preview.csv,255,b901fa8faa2d83de96a07b082421b5633642fd0aa1f7b07fd4a51bc4c771affb,.csv,static-evidence-or-asset
web-main,projects/web-main/frontend/assets/research-modules/tables/erp_component_metrics.csv,2738,17b6d14c467e68ff17f08574950f7a03174b7d4046c55d4e8e8e9d4772d3614d,.csv,static-evidence-or-asset
web-main,projects/web-main/frontend/assets/research-modules/tables/pac_cfc_summary_preview.csv,218,557f7a3ecd96c30ecae0fbe7c297d974b53c89e3039305229f828007b043b97f,.csv,static-evidence-or-asset
web-main,projects/web-main/frontend/assets/research-modules/tables/psd_bandpower_long_format.csv,3499,f027d9aaa1bc08499234144ff28e9dd12fc8cd0000fe4d0112cda359206a2152,.csv,static-evidence-or-asset
web-main,projects/web-main/frontend/assets/research-modules/tables/qc_subject_summary.csv,1042,c7efe78ac56e52f39d12aa63f56517856bb61a4e5a0e05ceee37bee253da104d,.csv,static-evidence-or-asset
web-main,projects/web-main/frontend/assets/research-modules/tables/statistics_summary_subject_level.csv,426,db7e1cf6bb7a86929bbadd51fbd65281650c3955c2a0179f99affb6de8336fbd,.csv,static-evidence-or-asset
web-main,projects/web-main/frontend/assets/research-modules/tables/synthetic_subject_level_metrics.csv,4157,50ee2173954411be4012eec88e28af69ce6bf841d3592c734c32d38600e39f89,.csv,static-evidence-or-asset
web-main,projects/web-main/frontend/assets/research-modules/tables/tfr_roi_summary_preview.csv,217,4645d941c2b7d92d3b4b84c6fabe778b7526ea8ae785e3db55298798e9979adc,.csv,static-evidence-or-asset
web-main,projects/web-main/frontend/assets/reviewer_checklist.json,684,786e875cb47509efcc08b0f3bcbd6c5ad6a2778a2da1a2622d22a2ca9ac88f3e,.json,configuration-or-contract
web-main,projects/web-main/frontend/assets/statistics_summary.csv,861,d53c84001594e0e648320401cf20456a3d3e061fb34110f1d9bf9e2361493ff5,.csv,static-evidence-or-asset
web-main,projects/web-main/frontend/assets/subject_level_metrics.csv,4050,ecc5c543cbc6765fb4ca93a02be5aae1519e2f673222e3a5002a7a54ea5ad254,.csv,static-evidence-or-asset
web-main,projects/web-main/frontend/assets/synthetic_8ch_120s_events.tsv,215,995e432d4a6f5f558e744d9b4633ac7c57e6a09f06ff450c339f3f3da6c5be8f,.tsv,static-evidence-or-asset
web-main,projects/web-main/frontend/assets/teaching_oddball_events.tsv,826,5b76226745881a823998f2be12b6a5d13562cb9c058735f2c352246cf1131925,.tsv,static-evidence-or-asset
web-main,projects/web-main/frontend/assets/upload_benchmark_estimates.csv,470,a537a2f6395e47bc18fb4e65de7940ba41d16a8d542868977ced7fc5edd8c68e,.csv,static-evidence-or-asset
web-main,projects/web-main/frontend/assets/upload_storage_architecture.json,4110,c91914a0a8f0074cfcaa66aea3e53919b7dfd478b18aae016c4e82de6732d585,.json,configuration-or-contract
web-main,projects/web-main/frontend/assets/upload_storage_playbook.md,3265,230fe8ece633a6c7fe8dac9b8d21a7a7b31ff746e5cbf91341093c0330d86c01,.md,documentation
web-main,projects/web-main/frontend/assets/user_journey_editor_acceptance.md,2535,f5bbabe3d3ffd3bc75b8e4c9217523ddbd0ff2602420995dbc5212bec411e7dc,.md,documentation
web-main,projects/web-main/frontend/assets/waveform-workbench/README.md,107,1f90d737b13bbe0ed5e263d1fcdab71ded1f18f0584dc5125c598ee60a8c3114,.md,documentation
web-main,projects/web-main/frontend/epilepsy-full-flow-preview.css,28676,c764b0fd726c99f246d95128b499002295efd798f6af6667f9369205f536f5cc,.css,source
web-main,projects/web-main/frontend/epilepsy-full-flow-preview.html,17248,8c60c16e174032de58dca1de9eef60122bb9c5e4c7baa5665b820c03123abe05,.html,source
web-main,projects/web-main/frontend/epilepsy-full-flow-preview.js,126522,227614dbbf1afcd81e179a9d493bc9953a7cf7f9475c530c164518dea8ab8dbe,.js,source
web-main,projects/web-main/frontend/epilepsy-report-preview.css,9906,6359524ff91890c871b7abb3998dd8fd84acfdd4c8fa0837edd08fb903bfc365,.css,source
web-main,projects/web-main/frontend/epilepsy-report-preview.html,10539,44902c3dd099566c2c601bb0ba9b7a9e9b4b21830a89c14ca88be9052ef7f7ba,.html,source
web-main,projects/web-main/frontend/epilepsy-report-preview.js,62556,75ba3f05cbe31c757371b03cb2c93daa84e0a22cfe01f2e241dec9f70de9b330,.js,source
web-main,projects/web-main/frontend/epilepsy-review-preview.css,14759,b1b4cac0cbf28bc5a24cb4776a4911c62f5a37612a7d6f8cc0d351144d5b4d08,.css,source
web-main,projects/web-main/frontend/epilepsy-review-preview.html,13077,2acb11b2b610a8a3a3a004fd3c694a5bb4a85f5e837f5e5823e76e8850c3739e,.html,source
web-main,projects/web-main/frontend/epilepsy-review-preview.js,80588,84faa1db5f1c32d5216a63c6426fed2b90f5a424278267729a5e5517d6d8f802,.js,source
web-main,projects/web-main/frontend/epilepsy-workbench.css,23825,c8c61d5cab5d48a5e19056e6e3bdb97d006280f57f7560ef4b128b63e092cc17,.css,source
web-main,projects/web-main/frontend/epilepsy-workbench.html,716,9a80b9a0fd16fa7979bad203097eebfc7c303cc96c38d945027a21f411d6dd26,.html,source
web-main,projects/web-main/frontend/epilepsy-workbench.js,141050,12dd4e2aa0ce89542d6c9e18ab126bc81d3d3ff6329a4b15eeecd70ada2596f6,.js,source
web-main,projects/web-main/frontend/expert-entry-demo.html,49719,3b78b3845f2edf8c634f2f76df7e9ac214e8970513c9b80f144f3a10cb5a0586,.html,source
web-main,projects/web-main/frontend/favicon.ico,346,8a4b2ce26958b1652062efcfd2ff2a28fecf6cfce16ade27a7d8e50ab6e0b0bf,.ico,other
web-main,projects/web-main/frontend/index.html,47648,43d3c2c6da477bf590cec95c14b52ff8944229f97e3b44e91b41a28d45a5ce71,.html,source
web-main,projects/web-main/frontend/index.html.bak-corrupt-current-20260701,61409,a8bbfd67ba2e19de8b6af6c3f5c12582e333e957a2c153f5eb89dcc29362f063,.bak-corrupt-current-20260701,other
web-main,projects/web-main/frontend/index.html.bak-mojibake-20260701,61409,a8bbfd67ba2e19de8b6af6c3f5c12582e333e957a2c153f5eb89dcc29362f063,.bak-mojibake-20260701,other
web-main,projects/web-main/frontend/lab-edf-reviewer.css,10126,a8bd0450a260314c1e53516de2f79b82d66a711d3b079f64faaa185e5f70df08,.css,source
web-main,projects/web-main/frontend/lab-edf-reviewer.html,5500,2d12edd34ba1072b39184c6b917576122b5d8b84fc6fba89a0505e5219954a0d,.html,source
web-main,projects/web-main/frontend/lab-edf-reviewer.js,16729,377e741d0dfad43d7e80c18143810b9a5ff8a15cfaf1631d681d93baf0f34bc4,.js,source
web-main,projects/web-main/frontend/module-lab.css,30255,e8c1bcbe495e13088c0d20e1a2140fb40d31739b22ed0a15e35771229467c92d,.css,source
web-main,projects/web-main/frontend/module-lab.html,723,ee45760e058db5f7c511e7b0fac16be0263c464309052f909e5e70a9712f6edb,.html,source
web-main,projects/web-main/frontend/module-lab.js,69378,cbd84946fd6df4983cbfaa2329e0041f63d6f237e9a93c0c20119bd06e76ea0f,.js,source
web-main,projects/web-main/frontend/nginx.conf,424,ea950b3f05fe2a89fc44bb560f25a00886d3e632db826372120e6c572d18db6a,.conf,other
web-main,projects/web-main/frontend/open-design-entry-demo.css,6269,6d720dce6f8f1a81eb12098c79c1a12c9d55ced9f62182cf1cf6adb3063cff0a,.css,source
web-main,projects/web-main/frontend/open-design-entry-demo.html,4159,d38777ece81cc8fbdb9b410da59e1ac4480d8f274902cceddd8144d87ec7bfa9,.html,source
web-main,projects/web-main/frontend/package-lock.json,21871,4e1684ce5f93cd853a3f962d72ad3b53e57aab52a34244904c2f41b0b3f851e6,.json,configuration-or-contract
web-main,projects/web-main/frontend/package.json,440,e9af1cc5b3523e46296b3ba71d1fa76cf007350d4186ed682fd37b4c5993cfc2,.json,configuration-or-contract
web-main,projects/web-main/frontend/qc-lab.css,8134,78979aba7cbe40288c3ac7fe2921405f4d8496e13e4b61933f3ed2058f169c6c,.css,source
web-main,projects/web-main/frontend/qc-lab.html,689,b88d0ba7151ffe9f326d3b7f65016ec1cf77b315d54c1deabca488d8a35f8469,.html,source
web-main,projects/web-main/frontend/qc-lab.js,51538,98385c8186247a0c62f8628280b92dee0041bf3b0a168acee30b52650ed15b65,.js,source
web-main,projects/web-main/frontend/qc-lab.js.bak-e2e-fix-20260625021843,51000,e36c529f33901b9ac39611ea555e256a72948aac9fd1be598fa9625852f0a6a0,.bak-e2e-fix-20260625021843,other
web-main,projects/web-main/frontend/research-module/connectivity.html,551,c97a6c89e2264fe12d33c6f11dc9435b9f5479091f3a0eed7c1e5b326f6c503a,.html,source
web-main,projects/web-main/frontend/research-module/erp.html,533,b652ece86b9d553db79948ee05a3badca03d87e00334f83a304a5ac30e587d4e,.html,source
web-main,projects/web-main/frontend/research-module/pac.html,533,d7be38419eccce34db0a6b84973f6b5b2dd39697d391b0ee0fee52fb1ba83d3d,.html,source
web-main,projects/web-main/frontend/research-module/psd.html,533,adddf7685179f4be07123990ea348ac6817d29f35b669b82e3ad36ed533bc662,.html,source
web-main,projects/web-main/frontend/research-module/qc.html,531,596146134f393343c8546da6e5c0f59c7c758caeab99d9633548b154513cf56d,.html,source
web-main,projects/web-main/frontend/research-module/source_localization.html,1813,d209212f2e168146bbbaecbb6e2e6c419f7ccebe21cc7e5695c9535bc8ff7890,.html,source
web-main,projects/web-main/frontend/research-module/tfr.html,533,13e8fda67c858573cd351e11037af367ad30602ec112390cb1cf240855f37931,.html,source
web-main,projects/web-main/frontend/research-modules.css,11108,cf7e279658c1f894fd4e215dcd34a46d2da30817ceacb38e0265c0d25cde0910,.css,source
web-main,projects/web-main/frontend/research-modules.html,3971,69d9b1c75701efaf7fa88d1665a25187753569ca18219daba2e86029ef2f6de5,.html,source
web-main,projects/web-main/frontend/research-modules.js,9121,b301c6eda846b0633bef83db3f0ab71f07481b4b1f7aad8fec249ad98b4f97ac,.js,source
web-main,projects/web-main/frontend/staging-subview-ui-prototype.html,26293,2a60342f310d2551aefa47830cba00464c2a65161d74c045fc5459c5109c73d5,.html,source
web-main,projects/web-main/frontend/standalone-lab.html,30311,540f7a74ba48930e673dff7a2c8fb2dcc05438848bd177ee7b69efdfc565a2fb,.html,source
web-main,projects/web-main/frontend/styles.css,228749,b5842e62e3e3a919d5ee308d3519476ac85ed51b2b06f513fdabf976aebddd30,.css,source
web-main,projects/web-main/frontend/styles.css.bak-e2e-fix-20260625021843,93504,da35b14d8251bdb7a96b0c360d022eee608f10ed02a9e2e0347433c21729842c,.bak-e2e-fix-20260625021843,other
web-main,projects/web-main/frontend/timechart-eeg-benchmark.css,3356,167add5e7c8774c5c1989b6bcfc59ac0b3c947617f45d5eed2c1061828922d38,.css,source
web-main,projects/web-main/frontend/timechart-eeg-benchmark.html,3518,3cf8f8664aa4d8c457fda2cf558b5abc0b273ae99da573ad64232947b2ebc047,.html,source
web-main,projects/web-main/frontend/timechart-eeg-benchmark.js,6126,920747d5f522a272716fd5133e5d39b8659e789d8e035a84fb6c8e8f1b874a30,.js,source
web-main,projects/web-main/frontend/vendor/lucide.min.js,402324,073cba2f4445823cb213818b72570704ce861638d32db4d606e6901e12ac9995,.js,source
web-main,projects/web-main/frontend/waveform-workbench-adapter.js,5298,35019278ebcb4405a368fb137bb19434f4cfae600a9413c07c7c01d298e921d2,.js,source
web-main,projects/web-main/frontend/waveform-workbench.css,18268,fa75ce09e906b9c7e620f4b87cb4bdfc1a22f4d19a5344f2111f1851018908ee,.css,source
web-main,projects/web-main/frontend/waveform-workbench.html,11726,1e0302a096de35f2c873e5c73b47c432266bce14242e81cada28de5975baaba2,.html,source
web-main,projects/web-main/frontend/waveform-workbench.js,79045,62bce071a233c8f72da0164d86f8b706dbfc7dcefa30a3e7f13290c4f8088fd7,.js,source
web-main,projects/web-main/frontend/workbench-spacious-overrides.css,15560,8aadadbe113d1b5d2a91810d1eba06fc96bbcfa77a1da7ecf1b99f42710891e1,.css,source
web-main,projects/web-main/requirements.txt,172,3444a473e5999870cd57b7892977225f9583c68cee17e706b2e73f0802b4dfa0,.txt,documentation
web-main,projects/web-main/scripts/acceptance_07a_review_system_packet.py,9668,fb1a4f8fde6ab0bf672da0ce2b6eb87a29445a1bb397e959217249198cda660e,.py,source
web-main,projects/web-main/scripts/acceptance_aliyun_storage_contract.py,10867,64a2a57e70bca5c630654838d0db00805da6f9c8f75e1ae865fe7a87fb4e4376,.py,source
web-main,projects/web-main/scripts/acceptance_aliyun_v1_contracts.py,6931,6e8e56cfeca7278d5d96bae87ce72d8520eb26dc3e81b6cc369075be8a1a4f4d,.py,source
web-main,projects/web-main/scripts/acceptance_analysis_module_contract.py,2592,538551094a919370e683ac0130b9184b4eaa9852220c990ecaa9715b242cea61,.py,source
web-main,projects/web-main/scripts/acceptance_analysis_workflow_framework.py,3036,a6b1437ea95a8b9501d53bcd34b08348ced90f294aad2b1bbf866a6b7fa17e54,.py,source
web-main,projects/web-main/scripts/acceptance_audit_quota_contract.py,1701,896b2c11227727070c67fa3a71aed91b7fabbb0046e3a79f767a69b870aaa2c3,.py,source
web-main,projects/web-main/scripts/acceptance_backend_security_p1_guards.py,10508,05def6e96ead5e8e75b5bb7342c343d8fbab0d421c58306eaeae7433a33f3736,.py,source
web-main,projects/web-main/scripts/acceptance_backup_restore_drill.py,13969,b9586d42dacf7ed93dcb7eeef5efe0a0b0dc31c8adb73371edaf5c235c7154ed,.py,source
web-main,projects/web-main/scripts/acceptance_bacon_p1_frontend_guards.mjs,4492,147fafa79672a971b44849094167a0dfc7d1f3f82ce4bab4fc7e8e307538653d,.mjs,source
web-main,projects/web-main/scripts/acceptance_band_power_backend.py,5988,c4bccd3f706c65d44e713433569d1bd7f9c0205146a25871b2e0fa998ae651d4,.py,source
web-main,projects/web-main/scripts/acceptance_checkpoint_packet_access.py,3691,f8c6698e0fc0c0b17a954b9df297e9e2618585e915b12ba54e8fbb26a5e631bd,.py,source
web-main,projects/web-main/scripts/acceptance_click_only_user_journey.mjs,14837,80533a730af087efd41008d10ec3045da7ab986962bd414c417a1b4fd29a2d78,.mjs,source
web-main,projects/web-main/scripts/acceptance_connectivity_module.py,3717,ad9313b4bd2c9c7f35d75f1ef73c4e363c9cc83525c8dddc403ec745b5e116f1,.py,source
web-main,projects/web-main/scripts/acceptance_cro_traceability_contract.py,3075,70a94c0f5fe6b12915665d889bbbcea83f61c72da28d648f4d44053e0bd1cb92,.py,source
web-main,projects/web-main/scripts/acceptance_csd_dual_path_current_slice.py,6790,f2e1b41cc64aa3b3e98c0d873d8c7a8f247d1e03afc2422c7bc0be28f3e7dc20,.py,source
web-main,projects/web-main/scripts/acceptance_current_available_modules_9_methods.mjs,5608,836edea14504297c0d1a64f2a88641ac1426f8473f891763f4218e3f570347aa,.mjs,source
web-main,projects/web-main/scripts/acceptance_current_business_ui_review.mjs,13725,e37fe949c95c7a0537b61ab082ea62356836dab3d9e676b296a4b58c4ac54493,.mjs,source
web-main,projects/web-main/scripts/acceptance_current_modules_teaching_mode_static.mjs,5705,61c5be97b090242e44e3ce23d4fecf23b480cbfe56c68711518238f703b587dc,.mjs,source
web-main,projects/web-main/scripts/acceptance_customer_api_no_internal_paths.py,11958,f65f747dc705ccd76eabaf7f732d296ff869fa27b5da067a2c7eee0f3dd79141,.py,source
web-main,projects/web-main/scripts/acceptance_customer_login_demo.mjs,10595,787af67f374bda426521d2ebcf874800d8e83a9254dc7cceb61649136e8d52d7,.mjs,source
web-main,projects/web-main/scripts/acceptance_customer_pages_user_copy_governance.mjs,59,fdaf7761c4221a6216256cecf7a698b9b2e17717e0ed3eb750ad780a3c2fb872,.mjs,source
web-main,projects/web-main/scripts/acceptance_customer_preset_analysis.mjs,8726,94b81fcb60c180af55fc0c869b89201f8cf5e2f6a47e74091f09a700a2abca8e,.mjs,source
web-main,projects/web-main/scripts/acceptance_customer_sidebar_navigation_governance.mjs,5993,3cf20a864db354db8f3505176f2374a389a1b3a3d6d1dd168837b107df0c4782,.mjs,source
web-main,projects/web-main/scripts/acceptance_customer_workspace_color_browser_offline.mjs,4901,655b577270961be40bd520be7583142f221a69185fe15cf74d009bd9d85e6a66,.mjs,source
web-main,projects/web-main/scripts/acceptance_customer_workspace_color_governance.mjs,2096,32398316f42ff2266e4a9def983e9761beba75965c857e1e16b4320fe9ff116f,.mjs,source
web-main,projects/web-main/scripts/acceptance_customer_workspace_final_ux_governance.mjs,1856,8378c275f6598a9dc2b2c52a5223b1f1f4491b2df2ffe14e03ec9776834b9b2c,.mjs,source
web-main,projects/web-main/scripts/acceptance_data_prep_analysis_entry_consistency_e2e.mjs,11962,afc25a603d75a21ef1b696437de414548513a9fea415320b528a7a42bcb3c50a,.mjs,source
web-main,projects/web-main/scripts/acceptance_data_prep_analysis_entry_consistency_static.mjs,5436,a782bacb4fa99f5480acf54c7c1f82cc8443c01b95d9b5ca1c26efb46e5105f8,.mjs,source
web-main,projects/web-main/scripts/acceptance_data_prep_task_billing_guards.py,21595,73c5cdda1998a1977d80b97452e67ef93a404a3fc06b290d77d74a975a71d0e7,.py,source
web-main,projects/web-main/scripts/acceptance_data_preparation_api.py,6040,10d7a959207ab9b04cc8d90f15ec4883a74c32df91b0e7b68c8733c6d07cdf1a,.py,source
web-main,projects/web-main/scripts/acceptance_data_preparation_auto_preview.mjs,2471,660f9cc68c4a637fb2119b1ec761113f4395227767ece5b4ceb64d1f272f9a54,.mjs,source
web-main,projects/web-main/scripts/acceptance_data_preparation_plan.py,16970,b828e900231fa9fe28b169fb993f6ebd9b4b07ca76339ffdd2e0182ce4c5148e,.py,source
web-main,projects/web-main/scripts/acceptance_data_preparation_ux_repair_browser.mjs,3710,2e6f0e6ef6bbf4576269b6a6cf6fb4636e4d9244fcb555b8cebc27045be4c947,.mjs,source
web-main,projects/web-main/scripts/acceptance_data_preparation_ux_repair_static.mjs,2470,25a3f03b9f920f0dd44464ef352b70ccd80f140b1498efa90fe84df943970e86,.mjs,source
web-main,projects/web-main/scripts/acceptance_delivery_policy_guards.py,17485,19950cec068f46074f1d128688be4449312ab7f2dfe870046dfb1a4297ebd3c0,.py,source
web-main,projects/web-main/scripts/acceptance_edf_upload_to_results_ui_only.mjs,29747,ed3bb12be17f7cbbc3f2c4be0cf8dbd16c4643ae9226c7b2e699ff83b53aaa3a,.mjs,source
web-main,projects/web-main/scripts/acceptance_epilepsy_cloud_trial_upload_contract.py,4928,344f210215a94f344500e8c456057ae815d70d5f05dc1a4fed0e81c90d017b5c,.py,source
web-main,projects/web-main/scripts/acceptance_epilepsy_cloud_trial_upload_to_export.py,14009,3c7cdbe48820331ccf8efb4f69840dc4ed03cee30d767f98b90c950bf2b94e46,.py,source
web-main,projects/web-main/scripts/acceptance_epilepsy_full_page_visual_review_screenshots.mjs,17102,8a49299a227472b84617d6e55218007bca3319c2c50cd35d3f5091a9012a207b,.mjs,source
web-main,projects/web-main/scripts/acceptance_epilepsy_ml_feature_contract.py,2887,fc1a53900595af8e2e9c634bcd0ad3ddeaa15d1028d8fd7c3e1528396d4d2f7e,.py,source
web-main,projects/web-main/scripts/acceptance_epilepsy_ml_fixture_run.py,4484,1f36786bc71a49885cfc4bd94caaa272880c1e1bf2f5bfbb343b7fb54ab4a8f7,.py,source
web-main,projects/web-main/scripts/acceptance_epilepsy_ml_model_smoke.py,1916,72d17a361ec0f95b5009747648cb7bcfa56efaedc3df56c68d2d566fbed9c156,.py,source
web-main,projects/web-main/scripts/acceptance_epilepsy_review_waveform_performance.mjs,10637,d38d109929a7267f1385dc16bfa6cabd5686b3d3c9899608cbe939dd7cf5e5ce,.mjs,source
web-main,projects/web-main/scripts/acceptance_epilepsy_workbench_api_contract.py,14235,e7ac50d075203e49e5b7dde1a3049e082babb11cae9d018b5222ce3ca03eb6f9,.py,source
web-main,projects/web-main/scripts/acceptance_formal_task_rejects_teaching_input.py,10592,fafe5d34e668703edaa483b7e8fb8f95217f1314914aa03efbf283df86958c6d,.py,source
web-main,projects/web-main/scripts/acceptance_full_product_ui_scroll_review.mjs,20743,c7a72d0e17682a21e523da7f07ae4ac75378d0eba586b50b28cbafc737ebe208,.mjs,source
web-main,projects/web-main/scripts/acceptance_lab_demo_backend.py,2107,47787dec165958d7473d603ce0cf4283a7b3ad8e5b2c383a155485aef56a3194,.py,source
web-main,projects/web-main/scripts/acceptance_lab_epilepsy_full_flow_api.py,40694,cdf538aafb8965a71c06e4248110823271bfbb4ca5d0cae26a325f9526174cfe,.py,source
web-main,projects/web-main/scripts/acceptance_lab_preview_delivery_boundary.py,7823,be0bc4416ca3f9cfaa06d218dddc976d34dabf09f397c63ccf5f422a352238b0,.py,source
web-main,projects/web-main/scripts/acceptance_large_uploads.py,5333,11b3bc297be9f4b6efd0b69a447182a15eed5b27b9009c6f019a29ed95dedd08,.py,source
web-main,projects/web-main/scripts/acceptance_main_workbench_direct_method_clickthrough_e2e.mjs,10384,306e308bac2c67872851fe5e4a0e34914ab6bab4772bff09e7615e1e014d0d55,.mjs,source
web-main,projects/web-main/scripts/acceptance_main_workbench_direct_method_entries_9_methods.mjs,4662,53622da6284da16b2dbddefcfd51a6cfe2aa4b1441d223d6d4fffb1a3eb867e6,.mjs,source
web-main,projects/web-main/scripts/acceptance_mainline_eeg_contract_mapping_consumption.py,8764,d797afe81a4ba723174cea0b01c135dafe37c891f4d00f5eab69962fe4fbd433,.py,source
web-main,projects/web-main/scripts/acceptance_mainline_eeg_review_bridge.py,8647,e0631fed88603a1f2a85673b307d5d67a4eb486f76675f32aeac26809dedbd12,.py,source
web-main,projects/web-main/scripts/acceptance_module_contract_registry.py,8065,439f8e56707ec9e3588748fa66c85776f7e76fcc40c1be9910292f4beb8e43b4,.py,source
web-main,projects/web-main/scripts/acceptance_module_lab_all_scope_evidence.py,4899,cc28eedd361c98bafabb45f83855ecaa847dcb8256c62c48cdca77ea410e9c69,.py,source
web-main,projects/web-main/scripts/acceptance_module_lab_grouped_methods_e2e.mjs,27366,f011282dc9dba54bc2263a77c053e450da00c5dbcad9b687a799894d76fbe397,.mjs,source
web-main,projects/web-main/scripts/acceptance_module_lab_input_source_gate.mjs,7011,07870e13ffd3754b2f5c31f53c908d4f0f4f1b3d530cc901246e61323f8531b4,.mjs,source
web-main,projects/web-main/scripts/acceptance_module_lab_layout_review.mjs,5918,7b74479cab83a2f15093b43a78dd72913c6cb2f818e4db35f2f1c407ae49b774,.mjs,source
web-main,projects/web-main/scripts/acceptance_module_lab_live_runner.mjs,15972,111d6f65594c5b9907165393ceb163da05234d22f0d13e463a52edc1eee361db,.mjs,source
web-main,projects/web-main/scripts/acceptance_module_lab_preview_selectors.py,2546,e88df512d502728e436fd45a365e6cd16ccb40119d3fc568f4943a517ada17e9,.py,source
web-main,projects/web-main/scripts/acceptance_module_lab_public_demo_run.mjs,13825,eccf5246cad82910434e7ef01bef06a79dd95e98cc19355ba0124ec72b6c47a4,.mjs,source
web-main,projects/web-main/scripts/acceptance_module_lab_visible_fields.mjs,6994,7c74dfe671d7da1e8682d61c25260aec73043b63ea5061df8d060c7175d1d6ef,.mjs,source
web-main,projects/web-main/scripts/acceptance_module_virtual_review_objects.py,3337,a6f07f51747b882176eed1e59e3546e89a30fe70491e619ee5f2e935cd7ddf9c,.py,source
web-main,projects/web-main/scripts/acceptance_multirole_click_review_5rounds.mjs,19003,e826250b55be73e8221727474223a8e47ede9a35cc27496643d1c7c2686b3612,.mjs,source
web-main,projects/web-main/scripts/acceptance_multitaper_psd_tfr_module.py,6931,4a0e42b9d3a991f15f59e4518e0c33da413c7a787b1ab40a23acc1126c8ab5fb,.py,source
web-main,projects/web-main/scripts/acceptance_navigation_user_center_ui_gate.mjs,7784,ef0b28f44f23fb046b11aca993465c56482402a33f2150fe3692f2fe53e45c6f,.mjs,source
web-main,projects/web-main/scripts/acceptance_ops_billing_invoice.py,13778,53e4372c93c61c7108c379c85319f874b242061b8e01ba655f0c7ffeb74a051c,.py,source
web-main,projects/web-main/scripts/acceptance_ops_ui.mjs,11285,f21ef1d5ea671c1fe3ab2db215f98485b9e205e1909f9dc1633b078726ab2655,.mjs,source
web-main,projects/web-main/scripts/acceptance_owner_decision_packet.py,4034,cc65de7510f6756842694f4cd6ef7ebe943e01df3e5472eed514f73feb8f8b37,.py,source
web-main,projects/web-main/scripts/acceptance_owner_input_checklist.py,2908,86ef046165fadac5420b91ff4695fdcd3665b868d38e3283c9a0ec0197da7737,.py,source
web-main,projects/web-main/scripts/acceptance_p0_fixture_validator_contract.py,3179,b64e768d7914bfd4d8d78046efc1cd300fb7e175bda7031e9cb726784fcf93a8,.py,source
web-main,projects/web-main/scripts/acceptance_p0_gap_repair_contract.py,5312,04713ad4032bd801000823d3304bbf9e03c25c2389a8a7967951e3d4f98b4ea9,.py,source
web-main,projects/web-main/scripts/acceptance_p0_ui_only_runner_contract.py,13123,2a6e5e32ffa7d8436577d2636fbe3ec2719355819eb48baefe3e560516aa0491,.py,source
web-main,projects/web-main/scripts/acceptance_pac_beta_contract.py,6877,dbdd5360637d3e119818b15997fef89e73665382d4363ac3094f5486275ed701,.py,source
web-main,projects/web-main/scripts/acceptance_pac_module.py,5528,0c2268a961808e23d1737339d76763b3d695bd76f4b817ffd7e2f21b2c8a5d06,.py,source
web-main,projects/web-main/scripts/acceptance_pac_v2_contract.py,4531,5c0f91220a7f7351453f8ce9e3d14b30e184197917ede754f35deeb757f8590f,.py,source
web-main,projects/web-main/scripts/acceptance_page_visual_qa.mjs,21239,37aa27b83f74bb48ea40f78824989e5fa75d91fee879c9a6c25ae513587d07f0,.mjs,source
web-main,projects/web-main/scripts/acceptance_pdf_ocr_artifact_qa.py,20137,377c4a6079e0880bc68ce82a2eb4d6d489069d208020fd29b3d81013412dbfb2,.py,source
web-main,projects/web-main/scripts/acceptance_product_wide_ux_copy_browser.mjs,3500,a6c12f1551d617798dc0fbb49936d9634e7e030155ac6c574e7e60e0d33096d3,.mjs,source
web-main,projects/web-main/scripts/acceptance_product_wide_ux_copy_governance.mjs,5865,4ebaf2b0ace9a200169c651b9cc53899b026210c70d84b973fb411a55f2f62b6,.mjs,source
web-main,projects/web-main/scripts/acceptance_production_goal_matrix.py,41215,304775f9652cb021ac5ebf31ba243d31676e47ec191ff3937999253a82393430,.py,source
web-main,projects/web-main/scripts/acceptance_professional_chinese_gate.py,11311,dae17f655cc2dd9b6f7e63d0ea4473e8b2f976c54692f5fb43287da364c49b56,.py,source
web-main,projects/web-main/scripts/acceptance_project_cleanup_waveform_preprocessing_e2e.mjs,18945,a446dd7c5df6cb9744dfc542c0a848055dd4b9c26a74e18e3877d3cc960e81f8,.mjs,source
web-main,projects/web-main/scripts/acceptance_project_cleanup_waveform_preprocessing_static.mjs,6747,6286984e5d715cf6f35cdddd178f6c0dfb25fd9fcef3f34782b07fdae2de1671,.mjs,source
web-main,projects/web-main/scripts/acceptance_project_data_entry_ux_browser.mjs,2783,28025b0ce981a9810b3980c3ffd5f1cd4c7033c79218d63252cce9c09f4d62a4,.mjs,source
web-main,projects/web-main/scripts/acceptance_project_data_entry_ux_governance.mjs,1525,a9038e2efdea42f95d550d237e20b5971b33e66aa995427613dd0d8134755a46,.mjs,source
web-main,projects/web-main/scripts/acceptance_project_data_preparation_ia.py,5622,e35249531b121e6c9ccbc25d0df679c5e0c7bcc0bad9eb7c5597cfef681dd76b,.py,source
web-main,projects/web-main/scripts/acceptance_project_data_ui_visual_gate.mjs,11826,b5aed7cdae983c420f2599ca25370d15c78fc9aa69aa259ececc3c01b4611689,.mjs,source
web-main,projects/web-main/scripts/acceptance_psd_p0.py,9510,39b0106c8021365d7db4ab5a935bbe9c97a735abb43a081a5e7dcc014880e110,.py,source
web-main,projects/web-main/scripts/acceptance_psd_real_report_consumption.py,13311,cb23c82d5acfa17acb2197fea62bb898e3e330e53ecf4e8626e780af43c994c7,.py,source
web-main,projects/web-main/scripts/acceptance_qc_browser_gate.mjs,6419,8dd2cd8b4194bf6001c3204ddfe3d03b033702b54ff7a9032e14bd3e1a4c38ea,.mjs,source
web-main,projects/web-main/scripts/acceptance_qc_preview_service.py,5613,0c30dc9d080af2bcb843cf0bcb772d2505c45d1d00ab4183cdefffb5651de646,.py,source
web-main,projects/web-main/scripts/acceptance_qc_real_report_consumption.py,15734,66ac2508444811141986ca919089661d166d0f272694a65aaceb1dc1f079760a,.py,source
web-main,projects/web-main/scripts/acceptance_reference_csd_module.py,4108,8f7809618564e66a109be9299a39f200043d5001de3306633e5b9b6b5930cb68,.py,source
web-main,projects/web-main/scripts/acceptance_release_gate_summary.py,18817,ee15ea39d54ecd98dd9a69f52c4c7f304d9b9ff0bebb5e4614d0b2e85a20cef4,.py,source
web-main,projects/web-main/scripts/acceptance_release_manifest_consistency.py,7234,fbddb97aaaa84a19825e209998c93e15b057b16d5af70064d049d451d9001729,.py,source
web-main,projects/web-main/scripts/acceptance_release_no_misclaim.py,4113,59b5fc6ec5393a27506ab330c5ae34ec2931fb815b2e4c785474f45ff9eab170,.py,source
web-main,projects/web-main/scripts/acceptance_release_review_gate_steps.py,3417,d8c277edd152c67896619e5634bacdfc146ce8ba37a59dd4cb3dd5dfd44f56ab,.py,source
web-main,projects/web-main/scripts/acceptance_report_artifact_label_readability.py,4604,1ec7b941d313cdbc0bc7f7fe793c76d8b851e8b436189d2fb1e167b93cdc836e,.py,source
web-main,projects/web-main/scripts/acceptance_report_module_delivery_chain.py,17804,fdebf2d9362682b833dd33b2673699b9e4d89c31aaefa269c23cadee153b8a31,.py,source
web-main,projects/web-main/scripts/acceptance_report_release_gate.py,7533,9c21cb1e2b00ed30f67465f83c6b7f218dc7ab02e30437a070ca9b8caa93401d,.py,source
web-main,projects/web-main/scripts/acceptance_report_zip_contract.py,5461,376283715ccb191cbb4909043bb47bd427d75532e06cb97ae22e3ed7657982d5,.py,source
web-main,projects/web-main/scripts/acceptance_research_modules_static.mjs,13699,74d3e0699036e84f988ed8965210c710a25089288fbcb510320ac6cc9852f1ac,.mjs,source
web-main,projects/web-main/scripts/acceptance_results_report_readability_gate.py,5738,dc3457762d697ed5212706331464946fa6b0420e5496b9836525596c32eb18b2,.py,source
web-main,projects/web-main/scripts/acceptance_review_system_all_environments.py,5380,5ac4f3faecd46374d8fa4f93a3f767a4134cac32766fd0e2ff25307eabeabaa9,.py,source
web-main,projects/web-main/scripts/acceptance_round006_pac_real_report_consumption.py,13449,cbe10fffdfbbf7bcc26be55f9519a07e7607d43b815952493fcf2e7eba7af6cb,.py,source
web-main,projects/web-main/scripts/acceptance_round006_tfr_real_report_consumption.py,11764,d44f39c2bfb9b53ecbfcda18fc03689b4c91ff6650aeed7dd49183d127d9a334,.py,source
web-main,projects/web-main/scripts/acceptance_round007_preprocessing_real_report_consumption.py,17814,d630524ff69e5ec63a97e8469393578ff1aa98a696706ed9cf04b49422317cc7,.py,source
web-main,projects/web-main/scripts/acceptance_round008_erp_real_report_consumption.py,8657,100c7c288ce95b6eaa63423a4b6b2a24c5c2f1b7c8a9fb988f4dc23bdc2643fe,.py,source
web-main,projects/web-main/scripts/acceptance_sanitized_review_package.py,5726,5fb357c32de0f4873f4f6d366b46d178df0189ccda0494159340bde691ba0304,.py,source
web-main,projects/web-main/scripts/acceptance_source_localization_preview.py,2803,6fffe04facb006845f9ede7513dbe2e7458fb42fd773eb82ecf0397f26fd7e93,.py,source
web-main,projects/web-main/scripts/acceptance_stage_gated_review_policy.py,6549,1c4a16451e0609fa8f683d502bf126f8514d33ad4f965f448a1ffa930af0959f,.py,source
web-main,projects/web-main/scripts/acceptance_start_here_release_review.py,2631,17703cc654bff2ce984c9471cf263cdad9d2c1b3759ab355526896d644142713,.py,source
web-main,projects/web-main/scripts/acceptance_state_store_concurrency.py,2315,20d5fd9909d7fe3bfd3920dc31d90c9b2b18fce2428051c5e9b261a7aa81cd6c,.py,source
web-main,projects/web-main/scripts/acceptance_subject_project_ownership.py,2846,858a5fd727596281b5b3f8722671e946482ae326a217f4e1a1df1c46dc33ef24,.py,source
web-main,projects/web-main/scripts/acceptance_synthetic_edf_full_analysis_scientific_figures.py,21927,e52471946fddd341f3bc8fb6cfdb488bda639894300ec8270a87901ed828a614,.py,source
web-main,projects/web-main/scripts/acceptance_synthetic_erp_p300.py,5080,a23ef242f4ce8a6a7f90a9c07263cd0756358187a578d350f3af913be59d91a0,.py,source
web-main,projects/web-main/scripts/acceptance_task_queue_capacity.py,6852,f5d3cb6027d24e2238ff35e1dd9c3503ea7fecf39649d3be5f47592be123eabf,.py,source
web-main,projects/web-main/scripts/acceptance_teaching_mode_independence_static.mjs,4293,7c302833f1c5c0e13500ebc0888fa8cd950aace007d9f263b47a22271b874c6b,.mjs,source
web-main,projects/web-main/scripts/acceptance_teaching_mode_overlay_e2e.mjs,5311,061bdc0de3693dc9e2adac2493d88ec74c9aea4015cbe209e7651231e226f5f2,.mjs,source
web-main,projects/web-main/scripts/acceptance_teaching_mode_protection.py,10043,19aa679970877df6c320e17ba33ba1588fac194081d5989067800fda7d955675,.py,source
web-main,projects/web-main/scripts/acceptance_teaching_quickstart_state_e2e.mjs,7290,7c5d8747f010158a60de57e1703471072425645146930a6f011b9681027fffc8,.mjs,source
web-main,projects/web-main/scripts/acceptance_tfr_module.py,4824,d574f59f3dc051d58132b5c148ad879d15f7863484e807525d8011213d60f092,.py,source
web-main,projects/web-main/scripts/acceptance_utf8_text_preflight.py,2409,cdf5ea4dfec605fd59d8acf5f0309c897004c9f697230e2a46eaff504ae7cced,.py,source
web-main,projects/web-main/scripts/acceptance_v01_full.py,25843,1195c1dee791531a21858180d34276a004e731fa04348c4a82ba6000f42b176a,.py,source
web-main,projects/web-main/scripts/acceptance_v01_no_group_statistics_boundary.py,8646,4d3a320c53f921cf5c676bf094f47605975e378db568f819c98aaa1962f0b9ee,.py,source
web-main,projects/web-main/scripts/acceptance_v01_persistence.py,4364,dcfcf4475f68f69fc1291738758ce47501c3ee14becbeb170eeb51ee31c0ec73,.py,source
web-main,projects/web-main/scripts/acceptance_v01_ui.mjs,13602,ad617d3c0c9e7c4a5bedbc6818ee58112ca9223d0553ae9b1b3febe486543412,.mjs,source
web-main,projects/web-main/scripts/acceptance_v01_worker_core.py,7389,39920b10585e24c2a98143f3dc6f6518302df179c7ddb3ff3f45458acb114466,.py,source
web-main,projects/web-main/scripts/acceptance_virtual_reviewer_round_005.py,18243,e260c85b518386ee053fa5c5e67a9f9a0b3bbdeac270d9b30809761e6a5858a7,.py,source
web-main,projects/web-main/scripts/acceptance_virtual_reviewer_round_006.py,13750,6f1a1ab6cd2636a97765984b046157df82d72ec0a4bec87478171cfb80d70dc2,.py,source
web-main,projects/web-main/scripts/acceptance_virtual_reviewer_round_008.py,14297,4af3599e58182932dc1dccfd3125354a0dd31c3eb1f531b15b1224a5180371e2,.py,source
web-main,projects/web-main/scripts/acceptance_visual_layout_design_spec.py,3320,e1fe50d6c4b21cf80ee966b7be989fd70abd1b3677d8e88b0db53ef51bc0f9d5,.py,source
web-main,projects/web-main/scripts/acceptance_workflow_pages_ui_gate.mjs,10996,40a4d0b2ec8cbc2bd0f8b8679ef0eebd416688a247be74f4b8426d1aed59efa4,.mjs,source
web-main,projects/web-main/scripts/adversarial_security_test.py,61,fdad52b7127f1fb84518a45a5f7d0f3348363682862f3c8b0611c46babba8916,.py,source
web-main,projects/web-main/scripts/aliyun_staging_preflight.py,12427,6a7c41a846451ce75df14e367876fadb2ecb2ef02da103f474302e2010e4d5e6,.py,source
web-main,projects/web-main/scripts/audit_data_preparation_page_release_candidate.mjs,16534,bc1c04bf74facf09cd5a900e9aee3e6ec32d92d643565d622fa46e9da6b37f1a,.mjs,source
web-main,projects/web-main/scripts/audit_frontend_design_debt_static.mjs,3429,9507b23919a0cb1a080cd249742d984fbfbf7d9cfa89c750041a0e43c70ebebf,.mjs,source
web-main,projects/web-main/scripts/audit_qgcs_07_goal_completion.py,2939,3206dc981930e5484a63eb740005e6d7bb75d8f2ab208ccc478451d9b0c3a591,.py,source
web-main,projects/web-main/scripts/audit_release_candidate_self_adversarial.mjs,10695,4c2175e06abb608cd62910acdaf59eef33b6b869df1d859cb20a0e7c1882289b,.mjs,source
web-main,projects/web-main/scripts/audit_staging_predev_gate.mjs,3335,0af983940025da40fdeda6a6f6293a930555b429b79f760874b54632e9275c59,.mjs,source
web-main,projects/web-main/scripts/benchmark_waveform_workbench_latency.mjs,13675,982ec9527b707c1c1d50bac15c986482bcdb6e6961319bad5d0f3756d3d2a1c2,.mjs,source
web-main,projects/web-main/scripts/browser_research_user_copy_sweep.mjs,5527,93bd21d79cc30f71cd11fde4d36431b1370c11c84a13d005704c2de4aa3d843f,.mjs,source
web-main,projects/web-main/scripts/build_07a_review_system_packet.py,41772,29a2e817f5eae69eedc1e4f1991a5a2bfaa8c33db11a8021dd0732605a7c8cc0,.py,source
web-main,projects/web-main/scripts/build_aliyun_owner_input_checklist.py,3498,0c293a41bcc12932c5b79cd66b0227d967df139dda405185ba804aa1849ae4ee,.py,source
web-main,projects/web-main/scripts/build_current_modules_teaching_mode_acceptance_packet.py,13238,cf4abd34db58a17323ca91e7a3e0f1ff38b5f03f2b83ddb4dea882f430c151da,.py,source
web-main,projects/web-main/scripts/build_current_modules_teaching_mode_docs.py,51459,1978693a1ba9b3cc3a0022bd68ca1150b295182b551b09c60bf72f89612e3a85,.py,source
web-main,projects/web-main/scripts/build_customer_oddball_case_assets.py,8669,e9893be0f88823bb26c6594fcc3dedf86cc576b91c1658149d8169428e0a9e38,.py,source
web-main,projects/web-main/scripts/build_data_prep_analysis_entry_consistency_acceptance_packet.py,11456,dd7c70a1c01a6326d320e4e7badc0b62a8af8b3d18dfc7f9992afa63203532c1,.py,source
web-main,projects/web-main/scripts/build_data_prep_analysis_entry_consistency_docs.py,29421,1ad1a819861d14a8a820fe9ff03d648255afb18a378a47a8afbfb0816a536c79,.py,source
web-main,projects/web-main/scripts/build_epilepsy_cloud_trial_owner_input_packet.mjs,6637,89927e4771484543e969539e7017ff9be703a8870aa4c5710c8930266fec32ff,.mjs,source
web-main,projects/web-main/scripts/build_epilepsy_cloud_trial_readiness_packet.mjs,8562,e7559d18a10d5204fdfb58baf0304aabd5bbbc0aa2e8233d4a7517eb4f675025,.mjs,source
web-main,projects/web-main/scripts/build_full_product_e2e_acceptance_packet.py,21908,6c58b5d9fb7449fdbf4e38a8b10afc1a4a703f468fc55aa06f8e31bd1f9c0352,.py,source
web-main,projects/web-main/scripts/build_full_product_e2e_pdca_packet.py,15275,733c07bd2b65c3afcf15c63fbcac99a646fae6d31ed891430cf0a014cc51c4cf,.py,source
web-main,projects/web-main/scripts/build_module_lab_mainline_acceptance_packet.py,30009,ac7141b79342db49e92535e34a6458621c772a2a64af3494c151b4a119054442,.py,source
web-main,projects/web-main/scripts/build_p0_synthetic_fixtures.py,7484,7832de02ed50f1de472a7063001c335ea758f2c522b6939d46a7d825774f925b,.py,source
web-main,projects/web-main/scripts/build_pac_beta_synthetic_fixture.py,15773,6e04c0bf3b80fd3dd58e38ce809a6e24992f2c659c1be38957995f2425ab294e,.py,source
web-main,projects/web-main/scripts/build_real_dataset_owner_review_packet.py,14481,880ba63456468da4a85e1e191cc3f8a463bb0acd4e735b218df9c3b1a3299dde,.py,source
web-main,projects/web-main/scripts/build_release_gate_summary.py,44284,7166fe5e2530c2fd8baf1ec35c76ef68f55e9538243f4a7eaeacfb595ee7fa73,.py,source
web-main,projects/web-main/scripts/build_sanitized_evidence_bundle.py,12748,0e012dcbfb75730dbae45ab05b688453206543b38cd6e9ba2d567dd3a5031e34,.py,source
web-main,projects/web-main/scripts/build_sanitized_review_package.py,2912,7e449dd58625242b1086f10a1d535c732fecbc9e4f460a360971e7050f83f8de,.py,source
web-main,projects/web-main/scripts/build_teaching_mode_independent_acceptance_packet.py,6343,02750a3920bfefb47d999a8d3029854b352ac40064471c725164cc782655cefd,.py,source
web-main,projects/web-main/scripts/build_user_test_coverage_matrix.py,8605,ff11b2db1d8e140de25a6f5fb60fcdfa5a6c369756a1b3cd009c59a74f4825ac,.py,source
web-main,projects/web-main/scripts/check_no_mojibake.py,2729,37591c7ca57313d92d7a91f71225c7ccd21aabceab21fdfd711295c7d1705d50,.py,source
web-main,projects/web-main/scripts/check_running_backend_contract.py,4414,2f667939f7498945bc59ff56ec63927938fc674b3a0f63324623021002abe97b,.py,source
web-main,projects/web-main/scripts/e2e_all_pages_customer_teaching_ui_gate.mjs,8852,8fa52e154c04111455d3fa32595514260e36b8f8806944f319e190e1f1df5df7,.mjs,source
web-main,projects/web-main/scripts/e2e_customer_analysis_complexity_gate.mjs,8721,f4a5376ceb2d994ba2957ece5e72c72c3edb0ea81f2539e0786a4cfd1ca1c798,.mjs,source
web-main,projects/web-main/scripts/e2e_customer_demo_p0_ui_fix.mjs,4613,9b7e1b0aa0871b2ea9144ce835c6cddcb3f029c1e9b6f267f71eb2e01b0fa7bd,.mjs,source
web-main,projects/web-main/scripts/e2e_data_prep_interaction_controls_state_matrix.mjs,13530,2131e2dce3299a7a820fc41d8894cce164139eade95b22f8c0e12ee912d659f8,.mjs,source
web-main,projects/web-main/scripts/e2e_data_preparation_workbench.mjs,8036,1465830639bd55d5863c7606f18cf55ac780e57e8a714c5990eae04041149142,.mjs,source
web-main,projects/web-main/scripts/e2e_edfbrowser_canvas_interaction.mjs,11584,2f1b3d9a1f8e35cf975741be0ca0b75e5e8f638f47b4256ac7468aa95d6681b1,.mjs,source
web-main,projects/web-main/scripts/e2e_epilepsy_child_page_p0.mjs,7601,2868b925e52de97cd8502cf516d0f59d7332ccc6c0be91dac544fe7033b07661,.mjs,source
web-main,projects/web-main/scripts/e2e_epilepsy_cloud_trial_upload_to_export_browser.mjs,48452,78370d61d368489ad3c85d97c5e2846f52f235108500b936692ed2f9a6656e35,.mjs,source
web-main,projects/web-main/scripts/e2e_epilepsy_deeplink_bootstrap_browser.mjs,11297,465961b4bb2fbf5fa819d9de5cfb3ac59cc45153a4a38cee95f2d0ddfaa41194,.mjs,source
web-main,projects/web-main/scripts/e2e_epilepsy_failure_states_browser.mjs,14354,3323d124f7c909943a2442360d9abb51c3e3df2ae26064885b4fb355cf94781f,.mjs,source
web-main,projects/web-main/scripts/e2e_epilepsy_lab_sync_std.mjs,9228,1d7d9ae12424141068047e394030f154bc72a31c4a36281965e8ca2e495b2517,.mjs,source
web-main,projects/web-main/scripts/e2e_epilepsy_result_review_v3_gate.mjs,10050,84c2a3665dea99459abba90b59ee0712aa0dccb2dcfe3feff47cb30cea33f8ff,.mjs,source
web-main,projects/web-main/scripts/e2e_epilepsy_timechart_lab.mjs,26673,7ecb0acd2a6275fe6b1d7c609f112513830c5b0cffcd83e2ec46ec527dbd3cf1,.mjs,source
web-main,projects/web-main/scripts/e2e_epilepsy_workbench.mjs,9426,fee6fa4a5e96ec898b063bf7bfdc2a51143bbc6cefe81edab05c45dfc4da5390,.mjs,source
web-main,projects/web-main/scripts/e2e_lab_epilepsy_full_flow_browser.mjs,24264,798e8f17b4f37d48cfe304910df2e730ba2cfc123484443038cffa1e77ea0b10,.mjs,source
web-main,projects/web-main/scripts/e2e_main_data_prep_canvas_chunk_interaction.mjs,11405,86e6a7d14a0fdcf00425c703ebf6d4c852b971d3c5bf40806e59f11357dbb0bb,.mjs,source
web-main,projects/web-main/scripts/e2e_main_data_prep_waveform_visible.mjs,4657,cd8de02add5cbff582d236bb8ef57be7c395029d48e9dc6617f2f3809411633d,.mjs,source
web-main,projects/web-main/scripts/e2e_main_epilepsy_entry_contract.mjs,60027,a4055148588365545cca1ad59b4a304694484cdb6b59b5f8ef2544b550ae1382,.mjs,source
web-main,projects/web-main/scripts/e2e_main_epilepsy_entry_real_path.mjs,22374,1d5eb40619ec9be37c8f194b390bc73dc1c4916edae8669bd904fa9fd48abfe2,.mjs,source
web-main,projects/web-main/scripts/e2e_project_list_empty_and_delete.mjs,6752,dd6706f860b8cf48b2205305e8ffd806ffa1ded8c8054e9c96fa8254695d524d,.mjs,source
web-main,projects/web-main/scripts/e2e_teaching_mode_independence.mjs,6583,21c7dc151ac0b14b6fed9690326753fd96bf241aa99cb65645256818ba090648,.mjs,source
web-main,projects/web-main/scripts/e2e_teaching_sandbox_analysis.mjs,7287,20b011c3789cc6c2a2a2ced01414c07b63abbf1555ee9fc5da8187cd496120c7,.mjs,source
web-main,projects/web-main/scripts/e2e_teaching_sandbox_mode.mjs,4221,0c06fdf71991697df944774cdb833e6d557a4a427d6902849081c0d3d4075246,.mjs,source
web-main,projects/web-main/scripts/e2e_teaching_user_logic_journey.mjs,7719,1ce747445bbe92f4913f318d3ef5eda9cd802894802d26e1e70654fed613ca81,.mjs,source
web-main,projects/web-main/scripts/e2e_teaching_waveform_preview.mjs,8616,9c10dea19a153de9c96b1fd336162e85a6afcbb7f60e91ed1c7016b998728639,.mjs,source
web-main,projects/web-main/scripts/e2e_timechart_eeg_benchmark.mjs,2524,1d50ba04f4876c9300c9de66f41b12c75a4efd964b6f990a5449bae1d1619f46,.mjs,source
web-main,projects/web-main/scripts/e2e_user_level_adversarial_acceptance.mjs,20119,adf78134e658aa7002e7fc43a328f5132de2dd49beedaec0d500b3435e523f22,.mjs,source
web-main,projects/web-main/scripts/e2e_waveform_interaction.mjs,5535,edba2b2a7cf0b152205756201f44894af468c10f5ca3e2462505942940cf6a59,.mjs,source
web-main,projects/web-main/scripts/e2e_waveform_ui_cleanup.mjs,3596,863339dc124957257c6fbacd13b429c8549c59ac06f3eda21f5843b68b52e7cd,.mjs,source
web-main,projects/web-main/scripts/e2e_waveform_workbench_dual_mode_contract.mjs,20170,66ad4e7d975bacb7792ccf447c46da1a6b8dabb4ed43ecf130a5492a227aa097,.mjs,source
web-main,projects/web-main/scripts/e2e_waveform_workbench_module.mjs,33201,d691cdac82aa65ae93d147e84efa178a2b380d850854991021ecc579b8084e54,.mjs,source
web-main,projects/web-main/scripts/full_ui_review.mjs,6818,0b2883dfc5df9b7775fc629975bb3128ce8dc1da58e08067c66df0659f8e145a,.mjs,source
web-main,projects/web-main/scripts/generate_epilepsy_demo_10min_64ch.py,4207,ae5dc72031f76ea2f90541b7053d603c3e23d2740ea63b1081edffdf9fe33f2f,.py,source
web-main,projects/web-main/scripts/generate_epilepsy_ml_trigger_fixture.py,6849,cb232257155255c6e0c56f6aea6e4ea2d045ef23f1de54fa93dcd2c1ee5916a6,.py,source
web-main,projects/web-main/scripts/generate_module_lab_grouped_methods_edf.py,2187,1fd1de47617e6d32c32bdbad9d39d7bb604394d5cf41feae9fb2c0d24a0da7bf,.py,source
web-main,projects/web-main/scripts/generate_module_virtual_review_objects.py,13681,73d495a2266de4683f887ebbc7f39122574bbbba1ba665f7b5597b8f614d0171,.py,source
web-main,projects/web-main/scripts/generate_multiple_teaching_demos.py,11189,29a1855adb719fac8c2b2b52eb14238be017412e85bfc9e5d9348727cef1b484,.py,source
web-main,projects/web-main/scripts/generate_regular_epilepsy_labeled_fixture.py,13299,5baa3a9695dd6f4c9af0a4808dbd94e9ff2304e5b21f02db7405ae8cbc9aa043,.py,source
web-main,projects/web-main/scripts/generate_research_module_assets.py,31934,e8a150b2234189d1f79f43ceea8ace4227ed918e6d5376e6051d9c3d843a1fc9,.py,source
web-main,projects/web-main/scripts/generate_teaching_demo_10min.py,13968,4683525551162f0622340196df93539fccbb80e881ae5852824c51ad6154306f,.py,source
web-main,projects/web-main/scripts/generate_teaching_oddball_case.py,8702,12ed64a167e2f91786fae9f868afd224ce0fbf119fc8e65790c573b7b0be9264,.py,source
web-main,projects/web-main/scripts/inventory_latest_edf_e2e_report_zip.py,3822,51d55f110b76d0aa0e2a4cfb8ed7e844dc05736b33da5374108862fc8e0856d2,.py,source
web-main,projects/web-main/scripts/launch_v01_merge9_virtual_users_10rounds.py,1783,89801c9158c18afaf5a0d2df0c467dc9f28f0f07f6af2528fa6a622b9fdfe1c6,.py,source
web-main,projects/web-main/scripts/launch_v01_public_virtual_users.py,3500,2f1c6c948c77206b2d8e2d5f207800d836b275b66f24147276edb3a27fa1597f,.py,source
web-main,projects/web-main/scripts/launch_v01_virtual_users.py,7770,5795c646a921f0498e7e29df0023683e9d6573eea12aa4ce549554db6b4e94a3,.py,source
web-main,projects/web-main/scripts/lib/playwright_runtime.mjs,3981,591dffd57a6a86115f00a5dcd9480aa8392fee2cd4daeb699d2c38593cb90da0,.mjs,source
web-main,projects/web-main/scripts/module_evidence_contract_adapter.py,10288,cea2af658ef2fb2f3f3b5d1fcab808e1ed2dc936ae27c87304784eec5684615f,.py,source
web-main,projects/web-main/scripts/preflight_epilepsy_cloud_trial_target.mjs,3761,392fb326728737637cdf0f25f291a6507fafa4fa5bbaa5f3a787efc84c2208fa,.mjs,source
web-main,projects/web-main/scripts/probe_app_shell_temp.mjs,1745,33766bc30bb54d83bfdeed9a5dca5bf3c9c0c733b408499469f16a8ab9de0b0e,.mjs,source
web-main,projects/web-main/scripts/probe_login_shell_state.mjs,2043,67786b939d54833c0965b121a9993c51389c7e1b1d6b6c3ec3fc93c65a28a5b6,.mjs,source
web-main,projects/web-main/scripts/refresh_release_readiness_manifest.py,20433,8b7a278f3ab3002d25cac04b4c60106a7d1b8eee1d739fcc172960aea13a008e,.py,source
web-main,projects/web-main/scripts/render_aliyun_nginx_config.py,2368,f891e699a28748a767ec79a4cecda4b89dc8e37fa5899f895cbdfde41b77d684,.py,source
web-main,projects/web-main/scripts/report_zip_evidence_matrix.py,5991,dce4614271a5b24ebe06590ebd6f8cb443e57645731fc9a60b6aa6a5fb66df80,.py,source
web-main,projects/web-main/scripts/review_customer_level_ui_waveform_page.mjs,4980,a787bce6c4ce57c8a4544ddcb91de992a6da8360a3428395036057034c6651f6,.mjs,source
web-main,projects/web-main/scripts/review_main_workbench_design_cleanup_viewports.mjs,4391,8a9d1b8968d248b2a0352cb18ac8465170cbb3d0985056b0ce7300de971e455c,.mjs,source
web-main,projects/web-main/scripts/review_waveform_workbench_viewport_matrix.mjs,7980,9eb9c5c4fba4a42fef72e925176954e4ebdb5ea1712ca0a9d1b27b1dd309863f,.mjs,source
web-main,projects/web-main/scripts/run_epilepsy_cloud_trial_acceptance.mjs,4149,20a6b93ebc48966ff77d83581a749c0a63148a4ada09b2160e58b291eea1d6cc,.mjs,source
web-main,projects/web-main/scripts/run_full_product_backend_api_smoke.py,10999,9240e463905e05f9b9dc759157261caa5c1da3d49f40e5f88e9e7afeb8fa5b9a,.py,source
web-main,projects/web-main/scripts/run_full_product_e2e_preflight.py,6381,a6665df180797327fe5528917ce73283d916225b07e1d757ced194502b9d01b5,.py,source
web-main,projects/web-main/scripts/run_full_product_method_source_comparison.py,15445,0c7bc92c4747f5e940f9bc89d7ab2055ed31001c0b55fb02e6b628adc28a42ac,.py,source
web-main,projects/web-main/scripts/run_he105_epilepsy_ml_chunked_regression.py,2994,0641be91430059ba81e161a361651617f3e817de734f2bf23601034ecf3a462e,.py,source
web-main,projects/web-main/scripts/run_module_lab_acceptance_stack.py,8284,7d1e9f37e826af9d247d6763e6f7c03d862d236d325915af50d809eef1925797,.py,source
web-main,projects/web-main/scripts/run_real_dataset_regression_from_manifest.py,25804,a0fdef7548c2557aee4d0770f5fbb7a3bfe0fc9135bd4c6c3a141d15e606f8a2,.py,source
web-main,projects/web-main/scripts/run_release_review_gate.py,11960,ca928e96a820570c0b870a7b38b42d8f9cb899a46a31dbdf9aa2d8f7b6a6602c,.py,source
web-main,projects/web-main/scripts/run_strict_cloud_gate_sequence.py,3171,7200e84fedf9e3ca6dc71f1eede45e2ac035b1965066b9ce00d9650a9d185bb2,.py,source
web-main,projects/web-main/scripts/run_v01_acceptance.ps1,7616,9a25151e9174b0040c36761751c8f15d79a0169647e21be6b9666b3ed08a3b8b,.ps1,other
web-main,projects/web-main/scripts/smoke_v01_api.py,6564,1f06a4e5f2724848790f808e9c5f36e050f1d0f5e59fb2c203d7dc3eec864428,.py,source
web-main,projects/web-main/scripts/start_lab_epilepsy_full_flow_local.ps1,2084,cf705fa5269e348b6777d92140e92920887997e3688ee2b939f983cfe9605614,.ps1,other
web-main,projects/web-main/scripts/ui_three_round_coverage.mjs,10405,acf945dc35ca064625706a8eb1b7f6b4c94411bd5f70843ceb7b64d994d6c8a3,.mjs,source
web-main,projects/web-main/scripts/validate_aliyun_evidence_templates.py,2328,1691bc8a4a639c8b00e6d6a9d76c5bb86647711c42fb364a39787bec4c91eaae,.py,source
web-main,projects/web-main/scripts/validate_checkpoint_packet_access.py,3330,dffa682cbe08af2be7a1a93bbdefbc064d2a7c467cb83c0c8122a427dc58e7ec,.py,source
web-main,projects/web-main/scripts/validate_edfbrowser_waveform_interaction_contract.mjs,5981,23571f4b2a1cf180ae37ff71ed34ecdf2120665890424a7e3c13435548b23e60,.mjs,source
web-main,projects/web-main/scripts/validate_epilepsy_child_page_p0_contract.mjs,4147,8e3a2ecfa83ac38c3de8b47d18f6245f23c148ca35de86b898b7017349ec7451,.mjs,source
web-main,projects/web-main/scripts/validate_epilepsy_cloud_trial_v0_1_copy_governance.mjs,4557,924292c3dfe36ba77998ced0cbceea6a83f79b596d60e804ebf8998d8cb860cf,.mjs,source
web-main,projects/web-main/scripts/validate_epilepsy_cloud_trial_v0_1_release_gate.mjs,11128,641a27fac666507c2752ce8bfacda38c24e5b1d6d483705be4fcc08c6a788af1,.mjs,source
web-main,projects/web-main/scripts/validate_epilepsy_cloud_trial_v0_1_spec_pack.mjs,4558,23825478453a66727b705628dc61fed6f47a6f44bb3b4afc5560bdf9d76b52fc,.mjs,source
web-main,projects/web-main/scripts/validate_epilepsy_ml_assets.py,928,2884c693c4732e7c7fba04dd6274039743ed177c634041cc83bcd48cd21aa1bb,.py,source
web-main,projects/web-main/scripts/validate_epilepsy_owner_data_manifest_v0_1.mjs,5416,ddc6483148d9e80e796520e39c200ae503a16007292afd3644d15730b6d7f73d,.mjs,source
web-main,projects/web-main/scripts/validate_epoch_set_artifact.py,6591,1b09de95d978199f3d532b3480cb56d32de65d4ca92547368f4f5025184ad52a,.py,source
web-main,projects/web-main/scripts/validate_owner_cloudops_closure_pack.py,2251,b998950f530821c5ce21098720d93754f8fbc7603d1b4c2726f5f46a5dc51d39,.py,source
web-main,projects/web-main/scripts/validate_owner_review_final_index.py,1383,e69ad06de7322f8fbef8b3a26cb2edd47e1ada815bd7b7b57ee290727038584c,.py,source
web-main,projects/web-main/scripts/validate_p0_module_artifacts.py,5764,c50ea0a36c6e3b1265b5c720135a3e3c36287dc7553a40e9ea6d746ea8f8687a,.py,source
web-main,projects/web-main/scripts/validate_pac_beta_artifacts.py,8409,4e0d47053a3144b6bc79150c2b026a061d208cccfd0380523974529dada22756,.py,source
web-main,projects/web-main/scripts/validate_research_user_copy_governance.mjs,4560,b3606ed53022be0f68995213fb595ed2492e9da4652c3cf79500eb4ed78d8c9d,.mjs,source
web-main,projects/web-main/scripts/validate_teaching_epilepsy_protection.py,1796,bc51ac033473063550e98693af1458969531d936c9e932013060c4801f34ceb9,.py,source
web-main,projects/web-main/scripts/validate_vr_eo_0001.mjs,4713,cc4e83eeff8ac4e427fecec529a1a87fa8d922f3c37297ee7111c3a8844f94dd,.mjs,source
web-main,projects/web-main/scripts/validate_vr_itc_0009_pdf_boundary.py,10122,1be17be247369eb525ddac1107ee56b513e81ed830a974dbc030e0956dfb8f20,.py,source
web-main,projects/web-main/scripts/validate_waveform_canvas_contract.mjs,3113,f466d6b9652eccacbffcd4228fcb705833a7dcf80df07372f02a258142cb84e9,.mjs,source
web-main,projects/web-main/scripts/verify_p1_live_ui.mjs,5794,2cfa5fcaf628b52ab8721b6ebb6f9b74aa0643306777a157c525f19b8c14e99b,.mjs,source
web-main,projects/web-main/scripts/verify_p1_live_wiring.mjs,9296,57805a3a4f0bea9c2b1abbe675465e609b3ed2280d27795581dd5c51e682b73c,.mjs,source
web-main,projects/web-main/scripts/virtual_reviewer_p0_ui_only_runner.mjs,38035,e35e975fa8f9d33fd2a2dcb822207d2230f6c4a2a141baeef06a52dfd25ec363,.mjs,source
web-main,projects/web-main/scripts/virtual_reviewer_pac_beta_ui_only_runner.mjs,7193,6ca2b538e881fbd93f2e7a0c5e31a004ded4e6ae48cf812e9a09604230aee177,.mjs,source
web-main,projects/web-main/scripts/virtual_reviewer_vr_itc_0001.mjs,13089,0b73e281ddf296c193b39aef6e3bce3c01262ff6e0796ba830e683cbacc5de43,.mjs,source
web-main,projects/web-main/scripts/write_checkpoint_packet.py,7082,7f7012d8432e1593416a1da25f2b958cd36c793d6c7af92015e79e568060c7ae,.py,source
web-main,projects/web-main/scripts/write_waveform_canvas_acceptance_packet.mjs,5461,a867bea1e91cc01065ed4826cd2c8dcf3db5917d02c5567b57826aef0cbe98cc,.mjs,source
web-main,projects/web-main/start-self-optimizer.ps1,1187,9f4a287c5776b15b0b7b8c1500bea2ab2a094b51f66e3a84517e858891ddea5d,.ps1,other
web-main,projects/web-main/worker/__init__.py,34,ff25669f909727325a8366f3dedb648955c3abf7e407e84be3c2df83609cebc4,.py,source
web-main,projects/web-main/worker/celery_app.py,151,3d1b06629bec49f6547936bb7b5d8ba59c9fbb793f0c1a588e168648f33f2409,.py,source
web-main,projects/web-main/worker/tasks/__init__.py,33,c278493a646161a2f3df6ea1a10f7c567f5474d900881c48496411e29e9c1579,.py,source
web-main,projects/web-main/worker/tasks/epilepsy.py,175,68f971d4e80036731e2f9cd41fdc80357f5644687e32a7fe1a3b23970cf584e7,.py,source
web-main,projects/web-main/worker/tasks/epilepsy_ml.py,184,d661d45e6d73a7a30758bda88007ad467f10c55e998644582db72c4a7be053f9,.py,source
web-main,projects/web-main/worker/tasks/erp.py,161,b9b85657fe2f1ff2fb9839f10c1fc73c9496e0735616911aa1a80cf715e1bea1,.py,source
web-main,projects/web-main/worker/tasks/metadata.py,109,d7266a1287e75ffb97acf8d158cb108e63f1e2ad67c54343e919caf82bd1f8af,.py,source
web-main,projects/web-main/worker/tasks/preprocess.py,193,b8a1fec4088d5e9357ef8837e73bd7e4d98c6402a7cc5b8da41baf675d924e60,.py,source
web-main,projects/web-main/worker/tasks/psd.py,161,93a2f312b34ea6f0343aa3b32c3c63df534468dcf04ef607d166583e6987a54e,.py,source
web-main,projects/web-main/worker/tasks/report.py,170,a6fc5674d6ebb9496145d4a7196aca6e6dd2f9c4223bf70721aa3663785a6d98,.py,source
