project,path,symbol,kind,line,detail
qeeg-64ch-research,projects/qeeg-64ch-research/src/qlanalyser_eeg64/__main__.py,main,function,10,
qeeg-64ch-research,projects/qeeg-64ch-research/src/qlanalyser_eeg64/aperiodic.py,AperiodicConfig,class,11,
qeeg-64ch-research,projects/qeeg-64ch-research/src/qlanalyser_eeg64/aperiodic.py,compute_aperiodic_spectrum,function,17,
qeeg-64ch-research,projects/qeeg-64ch-research/src/qlanalyser_eeg64/complexity.py,ComplexityConfig,class,13,
qeeg-64ch-research,projects/qeeg-64ch-research/src/qlanalyser_eeg64/complexity.py,compute_complexity,function,19,
qeeg-64ch-research,projects/qeeg-64ch-research/src/qlanalyser_eeg64/complexity.py,_channel_features,function,49,
qeeg-64ch-research,projects/qeeg-64ch-research/src/qlanalyser_eeg64/complexity.py,_multiscale_entropy_curve,function,60,
qeeg-64ch-research,projects/qeeg-64ch-research/src/qlanalyser_eeg64/complexity.py,_hurst_rs,function,71,
qeeg-64ch-research,projects/qeeg-64ch-research/src/qlanalyser_eeg64/complexity.py,_finite,function,87,
qeeg-64ch-research,projects/qeeg-64ch-research/src/qlanalyser_eeg64/connectivity.py,ConnectivityConfig,class,12,
qeeg-64ch-research,projects/qeeg-64ch-research/src/qlanalyser_eeg64/connectivity.py,compute_connectivity,function,17,
qeeg-64ch-research,projects/qeeg-64ch-research/src/qlanalyser_eeg64/connectivity.py,_epochs,function,37,
qeeg-64ch-research,projects/qeeg-64ch-research/src/qlanalyser_eeg64/connectivity.py,_analytic_band_epochs,function,42,
qeeg-64ch-research,projects/qeeg-64ch-research/src/qlanalyser_eeg64/connectivity.py,_metrics,function,48,
qeeg-64ch-research,projects/qeeg-64ch-research/src/qlanalyser_eeg64/connectivity.py,_summarize_matrix,function,75,
qeeg-64ch-research,projects/qeeg-64ch-research/src/qlanalyser_eeg64/connectivity.py,_region,function,91,
qeeg-64ch-research,projects/qeeg-64ch-research/src/qlanalyser_eeg64/connectivity.py,_pearson,function,104,
qeeg-64ch-research,projects/qeeg-64ch-research/src/qlanalyser_eeg64/coupling.py,CouplingConfig,class,12,
qeeg-64ch-research,projects/qeeg-64ch-research/src/qlanalyser_eeg64/coupling.py,compute_coupling,function,22,
qeeg-64ch-research,projects/qeeg-64ch-research/src/qlanalyser_eeg64/coupling.py,_analytic,function,52,
qeeg-64ch-research,projects/qeeg-64ch-research/src/qlanalyser_eeg64/coupling.py,_tort_mi,function,57,
qeeg-64ch-research,projects/qeeg-64ch-research/src/qlanalyser_eeg64/coupling.py,_phase_amplitude_curve,function,65,
qeeg-64ch-research,projects/qeeg-64ch-research/src/qlanalyser_eeg64/expanded_report.py,render_full_historical_report,function,44,
qeeg-64ch-research,projects/qeeg-64ch-research/src/qlanalyser_eeg64/expanded_report.py,_save,function,111,
qeeg-64ch-research,projects/qeeg-64ch-research/src/qlanalyser_eeg64/expanded_report.py,_scalp_info,function,117,
qeeg-64ch-research,projects/qeeg-64ch-research/src/qlanalyser_eeg64/expanded_report.py,_topomap,function,121,
qeeg-64ch-research,projects/qeeg-64ch-research/src/qlanalyser_eeg64/expanded_report.py,_plot_clinical_scalp_waveform,function,128,
qeeg-64ch-research,projects/qeeg-64ch-research/src/qlanalyser_eeg64/expanded_report.py,_plot_cleaned_psd_detail,function,152,
qeeg-64ch-research,projects/qeeg-64ch-research/src/qlanalyser_eeg64/expanded_report.py,_alpha_dispersion_rows,function,169,
qeeg-64ch-research,projects/qeeg-64ch-research/src/qlanalyser_eeg64/expanded_report.py,_plot_bandpower_topomaps,function,182,
qeeg-64ch-research,projects/qeeg-64ch-research/src/qlanalyser_eeg64/expanded_report.py,_plot_global_bandpower,function,193,
qeeg-64ch-research,projects/qeeg-64ch-research/src/qlanalyser_eeg64/expanded_report.py,_plot_posterior_alpha,function,208,
qeeg-64ch-research,projects/qeeg-64ch-research/src/qlanalyser_eeg64/expanded_report.py,_plot_alpha_dispersion,function,227,
qeeg-64ch-research,projects/qeeg-64ch-research/src/qlanalyser_eeg64/expanded_report.py,_plot_alpha_dispersion_topomaps,function,248,
qeeg-64ch-research,projects/qeeg-64ch-research/src/qlanalyser_eeg64/expanded_report.py,_plot_alpha_hemisphere_views,function,264,
qeeg-64ch-research,projects/qeeg-64ch-research/src/qlanalyser_eeg64/expanded_report.py,_plot_beta_envelopes,function,291,
qeeg-64ch-research,projects/qeeg-64ch-research/src/qlanalyser_eeg64/expanded_report.py,_region,function,302,
qeeg-64ch-research,projects/qeeg-64ch-research/src/qlanalyser_eeg64/expanded_report.py,_hemisphere,function,315,
qeeg-64ch-research,projects/qeeg-64ch-research/src/qlanalyser_eeg64/expanded_report.py,_plot_regional_bandpower,function,320,
qeeg-64ch-research,projects/qeeg-64ch-research/src/qlanalyser_eeg64/expanded_report.py,_plot_hemispheric_asymmetry,function,335,
qeeg-64ch-research,projects/qeeg-64ch-research/src/qlanalyser_eeg64/expanded_report.py,_plot_spectral_statistics,function,352,
qeeg-64ch-research,projects/qeeg-64ch-research/src/qlanalyser_eeg64/expanded_report.py,_plot_band_peaks,function,366,
qeeg-64ch-research,projects/qeeg-64ch-research/src/qlanalyser_eeg64/expanded_report.py,_plot_narrowbands,function,381,
qeeg-64ch-research,projects/qeeg-64ch-research/src/qlanalyser_eeg64/expanded_report.py,_plot_ratios,function,392,
qeeg-64ch-research,projects/qeeg-64ch-research/src/qlanalyser_eeg64/expanded_report.py,_gfp_fields,function,402,
qeeg-64ch-research,projects/qeeg-64ch-research/src/qlanalyser_eeg64/expanded_report.py,_plot_gfp_gmd,function,406,
qeeg-64ch-research,projects/qeeg-64ch-research/src/qlanalyser_eeg64/expanded_report.py,_plot_microstate_templates,function,427,
qeeg-64ch-research,projects/qeeg-64ch-research/src/qlanalyser_eeg64/expanded_report.py,_plot_microstate_parameters,function,435,
qeeg-64ch-research,projects/qeeg-64ch-research/src/qlanalyser_eeg64/expanded_report.py,_plot_microstate_transitions,function,447,
qeeg-64ch-research,projects/qeeg-64ch-research/src/qlanalyser_eeg64/expanded_report.py,_plot_microstate_sequence,function,463,
qeeg-64ch-research,projects/qeeg-64ch-research/src/qlanalyser_eeg64/expanded_report.py,_plot_microstate_coverage,function,478,
qeeg-64ch-research,projects/qeeg-64ch-research/src/qlanalyser_eeg64/expanded_report.py,_plot_microstate_duration_distribution,function,491,
qeeg-64ch-research,projects/qeeg-64ch-research/src/qlanalyser_eeg64/expanded_report.py,_plot_microstate_outgoing,function,502,
qeeg-64ch-research,projects/qeeg-64ch-research/src/qlanalyser_eeg64/expanded_report.py,_plot_microstate_total_contribution,function,511,
qeeg-64ch-research,projects/qeeg-64ch-research/src/qlanalyser_eeg64/expanded_report.py,_plot_microstate_transition_polar,function,527,
qeeg-64ch-research,projects/qeeg-64ch-research/src/qlanalyser_eeg64/expanded_report.py,_plot_microstate_distribution_histograms,function,564,
qeeg-64ch-research,projects/qeeg-64ch-research/src/qlanalyser_eeg64/expanded_report.py,_plot_microstate_sequence_raster,function,598,
qeeg-64ch-research,projects/qeeg-64ch-research/src/qlanalyser_eeg64/expanded_report.py,_plot_microstate_information_dynamics,function,640,
qeeg-64ch-research,projects/qeeg-64ch-research/src/qlanalyser_eeg64/expanded_report.py,_plot_multiscale_entropy,function,692,
qeeg-64ch-research,projects/qeeg-64ch-research/src/qlanalyser_eeg64/expanded_report.py,_plot_omega,function,701,
qeeg-64ch-research,projects/qeeg-64ch-research/src/qlanalyser_eeg64/expanded_report.py,_plot_channel_psd_atlas,function,714,
qeeg-64ch-research,projects/qeeg-64ch-research/src/qlanalyser_eeg64/expanded_report.py,_plot_channel_psd_atlas_with_parameters,function,733,
qeeg-64ch-research,projects/qeeg-64ch-research/src/qlanalyser_eeg64/expanded_report.py,_plot_connectivity_atlas,function,773,
qeeg-64ch-research,projects/qeeg-64ch-research/src/qlanalyser_eeg64/expanded_report.py,_plot_connectivity_nodes,function,790,
qeeg-64ch-research,projects/qeeg-64ch-research/src/qlanalyser_eeg64/expanded_report.py,_plot_connectivity_regional,function,802,
qeeg-64ch-research,projects/qeeg-64ch-research/src/qlanalyser_eeg64/expanded_report.py,_plot_coupling_topomaps,function,814,
qeeg-64ch-research,projects/qeeg-64ch-research/src/qlanalyser_eeg64/expanded_report.py,_plot_pac_curves,function,824,
qeeg-64ch-research,projects/qeeg-64ch-research/src/qlanalyser_eeg64/expanded_report.py,_plot_coupling_regional,function,836,
qeeg-64ch-research,projects/qeeg-64ch-research/src/qlanalyser_eeg64/expanded_report.py,_plot_aperiodic,function,850,
qeeg-64ch-research,projects/qeeg-64ch-research/src/qlanalyser_eeg64/expanded_report.py,_write_csv,function,868,
qeeg-64ch-research,projects/qeeg-64ch-research/src/qlanalyser_eeg64/expanded_report.py,_write_all_tables,function,876,
qeeg-64ch-research,projects/qeeg-64ch-research/src/qlanalyser_eeg64/expanded_report.py,_write_microstate_information_table,function,942,
qeeg-64ch-research,projects/qeeg-64ch-research/src/qlanalyser_eeg64/expanded_report.py,_write_microstate_legacy_tables,function,953,
qeeg-64ch-research,projects/qeeg-64ch-research/src/qlanalyser_eeg64/expanded_report.py,_series_rows,function,981,
qeeg-64ch-research,projects/qeeg-64ch-research/src/qlanalyser_eeg64/expanded_report.py,_figure,function,988,
qeeg-64ch-research,projects/qeeg-64ch-research/src/qlanalyser_eeg64/expanded_report.py,_atlas,function,992,
qeeg-64ch-research,projects/qeeg-64ch-research/src/qlanalyser_eeg64/expanded_report.py,_clinical_html,function,997,
qeeg-64ch-research,projects/qeeg-64ch-research/src/qlanalyser_eeg64/expanded_report.py,_traceability_link,function,1077,
qeeg-64ch-research,projects/qeeg-64ch-research/src/qlanalyser_eeg64/expanded_report.py,_existing_traceability_groups,function,1082,
qeeg-64ch-research,projects/qeeg-64ch-research/src/qlanalyser_eeg64/expanded_report.py,add_if_present,function,1090,
qeeg-64ch-research,projects/qeeg-64ch-research/src/qlanalyser_eeg64/expanded_report.py,_traceability_html,function,1126,
qeeg-64ch-research,projects/qeeg-64ch-research/src/qlanalyser_eeg64/expanded_report.py,_technical_html,function,1137,
qeeg-64ch-research,projects/qeeg-64ch-research/src/qlanalyser_eeg64/expanded_report.py,_value,function,1151,
qeeg-64ch-research,projects/qeeg-64ch-research/src/qlanalyser_eeg64/expanded_report.py,_page,function,1155,
qeeg-64ch-research,projects/qeeg-64ch-research/src/qlanalyser_eeg64/expanded_report.py,_write_manifest,function,1160,
qeeg-64ch-research,projects/qeeg-64ch-research/src/qlanalyser_eeg64/expanded_report.py,_HrefCollector,class,1173,
qeeg-64ch-research,projects/qeeg-64ch-research/src/qlanalyser_eeg64/expanded_report.py,__init__,function,1176,
qeeg-64ch-research,projects/qeeg-64ch-research/src/qlanalyser_eeg64/expanded_report.py,handle_starttag,function,1180,
qeeg-64ch-research,projects/qeeg-64ch-research/src/qlanalyser_eeg64/expanded_report.py,_local_link_errors,function,1188,
qeeg-64ch-research,projects/qeeg-64ch-research/src/qlanalyser_eeg64/expanded_report.py,validate_full_report,function,1208,
qeeg-64ch-research,projects/qeeg-64ch-research/src/qlanalyser_eeg64/gfp.py,GFPConfig,class,14,
qeeg-64ch-research,projects/qeeg-64ch-research/src/qlanalyser_eeg64/gfp.py,compute_gfp_gmd,function,21,
qeeg-64ch-research,projects/qeeg-64ch-research/src/qlanalyser_eeg64/gfp.py,write_gfp_peak_topography_gmd_csv,function,78,
qeeg-64ch-research,projects/qeeg-64ch-research/src/qlanalyser_eeg64/gfp.py,_normalize_maps,function,106,
qeeg-64ch-research,projects/qeeg-64ch-research/src/qlanalyser_eeg64/gfp.py,_polarity_invariant_gmd,function,112,
qeeg-64ch-research,projects/qeeg-64ch-research/src/qlanalyser_eeg64/gfp.py,_successive_peak_gmd_rows,function,118,
qeeg-64ch-research,projects/qeeg-64ch-research/src/qlanalyser_eeg64/gfp.py,_summary,function,142,
qeeg-64ch-research,projects/qeeg-64ch-research/src/qlanalyser_eeg64/io.py,read_raw,function,14,
qeeg-64ch-research,projects/qeeg-64ch-research/src/qlanalyser_eeg64/io.py,prepare_analysis_raw,function,23,
qeeg-64ch-research,projects/qeeg-64ch-research/src/qlanalyser_eeg64/io.py,file_sha256,function,47,
qeeg-64ch-research,projects/qeeg-64ch-research/src/qlanalyser_eeg64/microstates.py,MicrostateConfig,class,17,
qeeg-64ch-research,projects/qeeg-64ch-research/src/qlanalyser_eeg64/microstates.py,compute_microstates,function,31,
qeeg-64ch-research,projects/qeeg-64ch-research/src/qlanalyser_eeg64/microstates.py,compute_microstate_lagged_information,function,124,
qeeg-64ch-research,projects/qeeg-64ch-research/src/qlanalyser_eeg64/microstates.py,compute_microstate_information_dynamics,function,212,
qeeg-64ch-research,projects/qeeg-64ch-research/src/qlanalyser_eeg64/microstates.py,write_microstate_information_csv,function,313,
qeeg-64ch-research,projects/qeeg-64ch-research/src/qlanalyser_eeg64/microstates.py,write_microstate_transition_counts_csv,function,334,
qeeg-64ch-research,projects/qeeg-64ch-research/src/qlanalyser_eeg64/microstates.py,write_microstate_lagged_information_csv,function,352,
qeeg-64ch-research,projects/qeeg-64ch-research/src/qlanalyser_eeg64/microstates.py,write_microstate_state_self_information_csv,function,373,
qeeg-64ch-research,projects/qeeg-64ch-research/src/qlanalyser_eeg64/microstates.py,write_microstate_timeline_mapping_csv,function,385,
qeeg-64ch-research,projects/qeeg-64ch-research/src/qlanalyser_eeg64/microstates.py,write_microstate_source_segments_csv,function,400,
qeeg-64ch-research,projects/qeeg-64ch-research/src/qlanalyser_eeg64/microstates.py,_write_rows_csv,function,419,
qeeg-64ch-research,projects/qeeg-64ch-research/src/qlanalyser_eeg64/microstates.py,_discrete_mutual_information_bits,function,429,
qeeg-64ch-research,projects/qeeg-64ch-research/src/qlanalyser_eeg64/microstates.py,build_microstate_timeline_mapping,function,445,
qeeg-64ch-research,projects/qeeg-64ch-research/src/qlanalyser_eeg64/microstates.py,map_microstate_segments_to_source_time,function,527,
qeeg-64ch-research,projects/qeeg-64ch-research/src/qlanalyser_eeg64/microstates.py,_validate_source_epoch_rows,function,568,
qeeg-64ch-research,projects/qeeg-64ch-research/src/qlanalyser_eeg64/microstates.py,_validate_and_index_labels,function,599,
qeeg-64ch-research,projects/qeeg-64ch-research/src/qlanalyser_eeg64/microstates.py,_merge_short_segments,function,618,
qeeg-64ch-research,projects/qeeg-64ch-research/src/qlanalyser_eeg64/microstates.py,_temporal_parameters,function,636,
qeeg-64ch-research,projects/qeeg-64ch-research/src/qlanalyser_eeg64/microstates.py,_transition_matrix,function,647,
qeeg-64ch-research,projects/qeeg-64ch-research/src/qlanalyser_eeg64/microstates.py,_direct_transition_counts,function,655,
qeeg-64ch-research,projects/qeeg-64ch-research/src/qlanalyser_eeg64/microstates.py,_segments,function,684,
qeeg-64ch-research,projects/qeeg-64ch-research/src/qlanalyser_eeg64/microstates.py,_duration_summary,function,702,
qeeg-64ch-research,projects/qeeg-64ch-research/src/qlanalyser_eeg64/microstates.py,_per_second_coverage,function,720,
qeeg-64ch-research,projects/qeeg-64ch-research/src/qlanalyser_eeg64/microstates.py,_outgoing_transitions,function,739,
qeeg-64ch-research,projects/qeeg-64ch-research/src/qlanalyser_eeg64/microstates.py,_sequence_summary,function,758,
qeeg-64ch-research,projects/qeeg-64ch-research/src/qlanalyser_eeg64/microstates.py,_shannon_entropy,function,771,
qeeg-64ch-research,projects/qeeg-64ch-research/src/qlanalyser_eeg64/pipeline.py,run_full_recording_spectral_pipeline,function,22,
qeeg-64ch-research,projects/qeeg-64ch-research/src/qlanalyser_eeg64/pipeline.py,run_recovered_full_pipeline,function,34,
qeeg-64ch-research,projects/qeeg-64ch-research/src/qlanalyser_eeg64/pipeline.py,run_recovered_full_report_pipeline,function,52,
qeeg-64ch-research,projects/qeeg-64ch-research/src/qlanalyser_eeg64/pipeline.py,_base_summary,function,66,
qeeg-64ch-research,projects/qeeg-64ch-research/src/qlanalyser_eeg64/pipeline.py,_write_summary,function,71,
qeeg-64ch-research,projects/qeeg-64ch-research/src/qlanalyser_eeg64/preprocess.py,PreprocessConfig,class,9,
qeeg-64ch-research,projects/qeeg-64ch-research/src/qlanalyser_eeg64/preprocess.py,preprocess_full_recording,function,18,
qeeg-64ch-research,projects/qeeg-64ch-research/src/qlanalyser_eeg64/qc.py,QCConfig,class,19,
qeeg-64ch-research,projects/qeeg-64ch-research/src/qlanalyser_eeg64/qc.py,run_auto_qc,function,34,
qeeg-64ch-research,projects/qeeg-64ch-research/src/qlanalyser_eeg64/qc.py,_candidate_bad_channels,function,74,
qeeg-64ch-research,projects/qeeg-64ch-research/src/qlanalyser_eeg64/qc.py,_remove_iclabel_components,function,84,
qeeg-64ch-research,projects/qeeg-64ch-research/src/qlanalyser_eeg64/qc.py,_screen_epochs,function,135,
qeeg-64ch-research,projects/qeeg-64ch-research/src/qlanalyser_eeg64/qc.py,_add_analysis_coordinates,function,151,
qeeg-64ch-research,projects/qeeg-64ch-research/src/qlanalyser_eeg64/qc.py,build_source_time_mapping,function,173,
qeeg-64ch-research,projects/qeeg-64ch-research/src/qlanalyser_eeg64/qc.py,retained_sample_source_times,function,275,
qeeg-64ch-research,projects/qeeg-64ch-research/src/qlanalyser_eeg64/qc.py,restore_source_time_axis,function,295,
qeeg-64ch-research,projects/qeeg-64ch-research/src/qlanalyser_eeg64/qc.py,_gate_reasons,function,330,
qeeg-64ch-research,projects/qeeg-64ch-research/src/qlanalyser_eeg64/report.py,_configure_scientific_style,function,53,
qeeg-64ch-research,projects/qeeg-64ch-research/src/qlanalyser_eeg64/report.py,_finalize_figure,function,68,
qeeg-64ch-research,projects/qeeg-64ch-research/src/qlanalyser_eeg64/report.py,render_report_from_summary,function,74,
qeeg-64ch-research,projects/qeeg-64ch-research/src/qlanalyser_eeg64/report.py,render_report,function,96,
qeeg-64ch-research,projects/qeeg-64ch-research/src/qlanalyser_eeg64/report.py,_plot_qc_comparison,function,108,
qeeg-64ch-research,projects/qeeg-64ch-research/src/qlanalyser_eeg64/report.py,_waveform,function,125,
qeeg-64ch-research,projects/qeeg-64ch-research/src/qlanalyser_eeg64/report.py,_psd_with_sem,function,133,
qeeg-64ch-research,projects/qeeg-64ch-research/src/qlanalyser_eeg64/report.py,_spectrogram,function,145,
qeeg-64ch-research,projects/qeeg-64ch-research/src/qlanalyser_eeg64/report.py,_plot_spectral,function,156,
qeeg-64ch-research,projects/qeeg-64ch-research/src/qlanalyser_eeg64/report.py,_plot_topographies,function,179,
qeeg-64ch-research,projects/qeeg-64ch-research/src/qlanalyser_eeg64/report.py,_plot_gfp_microstates,function,191,
qeeg-64ch-research,projects/qeeg-64ch-research/src/qlanalyser_eeg64/report.py,_plot_complexity,function,211,
qeeg-64ch-research,projects/qeeg-64ch-research/src/qlanalyser_eeg64/report.py,_plot_connectivity,function,245,
qeeg-64ch-research,projects/qeeg-64ch-research/src/qlanalyser_eeg64/report.py,_plot_coupling,function,264,
qeeg-64ch-research,projects/qeeg-64ch-research/src/qlanalyser_eeg64/report.py,_write_tables,function,280,
qeeg-64ch-research,projects/qeeg-64ch-research/src/qlanalyser_eeg64/report.py,_csv,function,295,
qeeg-64ch-research,projects/qeeg-64ch-research/src/qlanalyser_eeg64/report.py,_write_visual_manifest,function,302,
qeeg-64ch-research,projects/qeeg-64ch-research/src/qlanalyser_eeg64/report.py,validate_report_output,function,329,
qeeg-64ch-research,projects/qeeg-64ch-research/src/qlanalyser_eeg64/report.py,_clinical_html,function,357,
qeeg-64ch-research,projects/qeeg-64ch-research/src/qlanalyser_eeg64/report.py,_technical_html,function,384,
qeeg-64ch-research,projects/qeeg-64ch-research/src/qlanalyser_eeg64/report.py,_figure,function,397,
qeeg-64ch-research,projects/qeeg-64ch-research/src/qlanalyser_eeg64/report.py,_number,function,401,
qeeg-64ch-research,projects/qeeg-64ch-research/src/qlanalyser_eeg64/report.py,_page,function,405,
qeeg-64ch-research,projects/qeeg-64ch-research/src/qlanalyser_eeg64/spatial.py,compute_spatial_complexity,function,8,
qeeg-64ch-research,projects/qeeg-64ch-research/src/qlanalyser_eeg64/spectral.py,SpectralConfig,class,49,
qeeg-64ch-research,projects/qeeg-64ch-research/src/qlanalyser_eeg64/spectral.py,compute_spectral_features,function,69,
qeeg-64ch-research,projects/qeeg-64ch-research/src/qlanalyser_eeg64/spectral.py,compute_alpha_spectral_dispersion,function,136,
qeeg-64ch-research,projects/qeeg-64ch-research/src/qlanalyser_eeg64/spectral.py,write_alpha_spectral_dispersion_csv,function,212,
qeeg-64ch-research,projects/qeeg-64ch-research/src/qlanalyser_eeg64/spectral.py,_welch_psd_uv2,function,276,
qeeg-64ch-research,projects/qeeg-64ch-research/src/qlanalyser_eeg64/spectral.py,_alpha_dispersion_rows,function,296,
qeeg-64ch-research,projects/qeeg-64ch-research/src/qlanalyser_eeg64/spectral.py,_alpha_dispersion_row,function,307,
qeeg-64ch-research,projects/qeeg-64ch-research/src/qlanalyser_eeg64/spectral.py,_windowed_alpha_dispersion,function,340,
qeeg-64ch-research,projects/qeeg-64ch-research/src/qlanalyser_eeg64/spectral.py,_alpha_dispersion_summary,function,418,
qeeg-64ch-research,projects/qeeg-64ch-research/src/qlanalyser_eeg64/spectral.py,_frequency_step,function,443,
qeeg-64ch-research,projects/qeeg-64ch-research/src/qlanalyser_eeg64/spectral.py,_finite_statistic,function,447,
qeeg-64ch-research,projects/qeeg-64ch-research/src/qlanalyser_eeg64/spectral.py,_channel_field,function,452,
qeeg-64ch-research,projects/qeeg-64ch-research/src/qlanalyser_eeg64/spectral.py,_maximum_field,function,457,
qeeg-64ch-research,projects/qeeg-64ch-research/src/qlanalyser_eeg64/spectral.py,_mean_field,function,462,
qeeg-64ch-research,projects/qeeg-64ch-research/src/qlanalyser_eeg64/spectral.py,_paired_delta,function,467,
qeeg-64ch-research,projects/qeeg-64ch-research/src/qlanalyser_eeg64/spectral.py,_write_csv,function,473,
qeeg-64ch-research,projects/qeeg-64ch-research/src/qlanalyser_eeg64/spectral.py,_band_power_rows,function,480,
qeeg-64ch-research,projects/qeeg-64ch-research/src/qlanalyser_eeg64/spectral.py,_narrowband_definitions,function,498,
qeeg-64ch-research,projects/qeeg-64ch-research/src/qlanalyser_eeg64/spectral.py,_integrated_power,function,502,
qeeg-64ch-research,projects/qeeg-64ch-research/src/qlanalyser_eeg64/spectral.py,_power_ratios,function,509,
qeeg-64ch-research,projects/qeeg-64ch-research/src/qlanalyser_eeg64/spectral.py,_channel_spectral_statistics,function,531,
qeeg-64ch-research,projects/qeeg-64ch-research/src/qlanalyser_eeg64/spectral.py,_spectral_centroid_in_band,function,555,
qeeg-64ch-research,projects/qeeg-64ch-research/src/qlanalyser_eeg64/spectral.py,_spectral_edge_frequency,function,562,
qeeg-64ch-research,projects/qeeg-64ch-research/src/qlanalyser_eeg64/spectral.py,_alpha_envelopes,function,569,
qeeg-64ch-research,projects/qeeg-64ch-research/src/qlanalyser_eeg64/spectral.py,_beta_envelopes,function,587,
qeeg-64ch-research,projects/qeeg-64ch-research/src/qlanalyser_eeg64/spectral.py,_hemisphere,function,604,
qeeg-64ch-research,projects/qeeg-64ch-research/src/qlanalyser_eeg64/spectral.py,_envelope_summary,function,609,
qeeg-64ch-research,projects/qeeg-64ch-research/src/qlanalyser_eeg64/spectral.py,_posterior_alpha,function,616,
qeeg-64ch-research,projects/qeeg-64ch-research/src/qlanalyser_eeg64/spectral.py,_posterior_hemisphere_summary,function,648,
qeeg-64ch-research,projects/qeeg-64ch-research/src/qlanalyser_eeg64/spectral.py,_band_peaks,function,677,
qeeg-64ch-research,projects/qeeg-64ch-research/src/qlanalyser_eeg64/spectral.py,_find_band_peak,function,689,
qeeg-64ch-research,projects/qeeg-64ch-research/src/qlanalyser_eeg64/spectral.py,_paf,function,722,
qeeg-64ch-research,projects/qeeg-64ch-research/src/qlanalyser_eeg64/spectral.py,_tbr,function,732,
qeeg-64ch-research,projects/qeeg-64ch-research/src/qlanalyser_eeg64/spectral.py,_faa,function,744,
qeeg-64ch-research,projects/qeeg-64ch-research/src/qlanalyser_eeg64/spectral.py,_channel_values,function,751,
qeeg-64ch-research,projects/qeeg-64ch-research/tests/test_alpha_spectral_dispersion.py,_alpha_raw,function,18,
qeeg-64ch-research,projects/qeeg-64ch-research/tests/test_alpha_spectral_dispersion.py,test_alpha_dispersion_matches_historical_band_formula_and_window_contract,function,29,
qeeg-64ch-research,projects/qeeg-64ch-research/tests/test_alpha_spectral_dispersion.py,test_alpha_dispersion_cd_alpha2_uses_half_hz_neighbourhood_not_one_hz,function,47,
qeeg-64ch-research,projects/qeeg-64ch-research/tests/test_alpha_spectral_dispersion.py,test_alpha_dispersion_is_compact_when_embedded_in_full_spectral_result,function,64,
qeeg-64ch-research,projects/qeeg-64ch-research/tests/test_alpha_spectral_dispersion.py,test_alpha_dispersion_handles_short_zero_and_missing_electrode_data_without_nan,function,73,
qeeg-64ch-research,projects/qeeg-64ch-research/tests/test_alpha_spectral_dispersion.py,test_alpha_dispersion_csv_export_has_stable_headers_and_normalized_window_spectra,function,87,
qeeg-64ch-research,projects/qeeg-64ch-research/tests/test_expanded_report_microstate_information.py,_information_dynamics,function,15,
qeeg-64ch-research,projects/qeeg-64ch-research/tests/test_expanded_report_microstate_information.py,_html_summary,function,25,
qeeg-64ch-research,projects/qeeg-64ch-research/tests/test_expanded_report_microstate_information.py,test_information_dynamics_is_exported_plotted_and_referenced_by_both_pages,function,40,
qeeg-64ch-research,projects/qeeg-64ch-research/tests/test_expanded_report_microstate_information.py,test_technical_traceability_only_links_existing_artifacts_and_validates_targets,function,61,
qeeg-64ch-research,projects/qeeg-64ch-research/tests/test_gfp_peak_export.py,_raw_with_repeated_gfp_peaks,function,11,
qeeg-64ch-research,projects/qeeg-64ch-research/tests/test_gfp_peak_export.py,test_gfp_peak_topography_export_retains_peak_locations_and_historical_columns,function,31,
qeeg-64ch-research,projects/qeeg-64ch-research/tests/test_microstate_information.py,test_microstate_information_dynamics_returns_windowed_self_information_and_lagged_mi,function,21,
qeeg-64ch-research,projects/qeeg-64ch-research/tests/test_microstate_information.py,test_lagged_information_covers_4_to_40_ms_and_is_distinct_from_windowed_dynamics,function,43,
qeeg-64ch-research,projects/qeeg-64ch-research/tests/test_microstate_information.py,test_direct_transition_table_and_source_time_mapping_preserve_real_gaps,function,67,
qeeg-64ch-research,projects/qeeg-64ch-research/tests/test_recovered_methods.py,_raw,function,18,
qeeg-64ch-research,projects/qeeg-64ch-research/tests/test_recovered_methods.py,test_recovered_modules_analyse_qc_retained_full_recording,function,27,
qeeg-64ch-research,projects/qeeg-64ch-research/tests/test_recovered_methods.py,test_aperiodic_spectrum_uses_current_specparam_api,function,58,
qeeg-64ch-research,projects/qeeg-64ch-research/tests/test_report_contract.py,test_complexity_figure_uses_independent_metric_panels,function,9,
qeeg-64ch-research,projects/qeeg-64ch-research/tests/test_report_contract.py,test_report_smoke_check_requires_all_report_artifacts,function,23,
qeeg-64ch-research,projects/qeeg-64ch-research/tests/test_report_qc_config.py,test_report_renderer_reuses_saved_qc_configuration,function,6,
qeeg-64ch-research,projects/qeeg-64ch-research/tests/test_report_qc_config.py,fake_run_auto_qc,function,28,
qeeg-64ch-research,projects/qeeg-64ch-research/tests/test_spectral_recovery.py,_alpha_raw,function,9,
qeeg-64ch-research,projects/qeeg-64ch-research/tests/test_spectral_recovery.py,test_spectral_recovery_exposes_historical_report_measures,function,25,
qeeg-64ch-research,projects/qeeg-64ch-research/tests/test_spectral_recovery.py,test_spectral_recovery_identifies_alpha_and_serializes_without_nan,function,45,
web-main,projects/web-main/backend/api/accounts.py,request_verification_code,api-route,10,ROUTER.POST /auth/verification-code
web-main,projects/web-main/backend/api/accounts.py,request_verification_code,function,10,
web-main,projects/web-main/backend/api/accounts.py,register,api-route,15,ROUTER.POST /auth/register
web-main,projects/web-main/backend/api/accounts.py,register,function,15,
web-main,projects/web-main/backend/api/accounts.py,login,api-route,20,ROUTER.POST /auth/login
web-main,projects/web-main/backend/api/accounts.py,login,function,20,
web-main,projects/web-main/backend/api/accounts.py,list_accounts,api-route,25,ROUTER.GET /accounts
web-main,projects/web-main/backend/api/accounts.py,list_accounts,function,25,
web-main,projects/web-main/backend/api/admin.py,get_admin_overview,api-route,9,ROUTER.GET /admin/overview
web-main,projects/web-main/backend/api/admin.py,get_admin_overview,function,9,
web-main,projects/web-main/backend/api/admin.py,list_accounts,api-route,30,ROUTER.GET /admin/accounts
web-main,projects/web-main/backend/api/admin.py,list_accounts,function,30,
web-main,projects/web-main/backend/api/admin.py,list_recharge_orders,api-route,35,ROUTER.GET /admin/billing/recharge-orders
web-main,projects/web-main/backend/api/admin.py,list_recharge_orders,function,35,
web-main,projects/web-main/backend/api/admin.py,list_transactions,api-route,40,ROUTER.GET /admin/billing/transactions
web-main,projects/web-main/backend/api/admin.py,list_transactions,function,40,
web-main,projects/web-main/backend/api/admin.py,list_invoice_requests,api-route,45,ROUTER.GET /admin/invoices
web-main,projects/web-main/backend/api/admin.py,list_invoice_requests,function,45,
web-main,projects/web-main/backend/api/admin.py,list_tasks,api-route,50,ROUTER.GET /admin/tasks
web-main,projects/web-main/backend/api/admin.py,list_tasks,function,50,
web-main,projects/web-main/backend/api/admin.py,list_failed_tasks,api-route,55,ROUTER.GET /admin/tasks/failed
web-main,projects/web-main/backend/api/admin.py,list_failed_tasks,function,55,
web-main,projects/web-main/backend/api/admin.py,get_state_status,api-route,64,ROUTER.GET /admin/state
web-main,projects/web-main/backend/api/admin.py,get_state_status,function,64,
web-main,projects/web-main/backend/api/artifacts.py,_assert_path_within_derivatives,function,14,
web-main,projects/web-main/backend/api/artifacts.py,download_artifact,api-route,29,ROUTER.GET /artifacts/{artifact_id}/download
web-main,projects/web-main/backend/api/artifacts.py,download_artifact,function,29,
web-main,projects/web-main/backend/api/billing.py,get_wallet,api-route,11,ROUTER.GET /billing/wallet
web-main,projects/web-main/backend/api/billing.py,get_wallet,function,11,
web-main,projects/web-main/backend/api/billing.py,create_recharge_order,api-route,17,ROUTER.POST /billing/recharge
web-main,projects/web-main/backend/api/billing.py,create_recharge_order,function,17,
web-main,projects/web-main/backend/api/billing.py,confirm_recharge_order,api-route,25,ROUTER.POST /billing/recharge/{order_id}/confirm
web-main,projects/web-main/backend/api/billing.py,confirm_recharge_order,function,25,
web-main,projects/web-main/backend/api/billing.py,list_ledger,api-route,34,ROUTER.GET /billing/ledger
web-main,projects/web-main/backend/api/billing.py,list_ledger,function,34,
web-main,projects/web-main/backend/api/billing.py,create_invoice_request,api-route,46,ROUTER.POST /invoices
web-main,projects/web-main/backend/api/billing.py,create_invoice_request,function,46,
web-main,projects/web-main/backend/api/billing.py,list_invoices,api-route,52,ROUTER.GET /invoices
web-main,projects/web-main/backend/api/billing.py,list_invoices,function,52,
web-main,projects/web-main/backend/api/billing.py,list_inbox,api-route,61,ROUTER.GET /inbox
web-main,projects/web-main/backend/api/billing.py,list_inbox,function,61,
web-main,projects/web-main/backend/api/billing.py,get_inbox_attachment,api-route,67,ROUTER.GET /inbox/{message_id}/attachment
web-main,projects/web-main/backend/api/billing.py,get_inbox_attachment,function,67,
web-main,projects/web-main/backend/api/billing.py,issue_invoice,api-route,73,ROUTER.POST /admin/invoices/{invoice_id}/issue
web-main,projects/web-main/backend/api/billing.py,issue_invoice,function,73,
web-main,projects/web-main/backend/api/data_crud.py,_requesting_user_id,function,11,
web-main,projects/web-main/backend/api/data_crud.py,_is_visible_file,function,15,
web-main,projects/web-main/backend/api/data_crud.py,list_customer_files,api-route,24,ROUTER.GET /data/files
web-main,projects/web-main/backend/api/data_crud.py,list_customer_files,function,24,
web-main,projects/web-main/backend/api/data_crud.py,update_customer_file,api-route,38,ROUTER.PATCH /data/files/{file_id}
web-main,projects/web-main/backend/api/data_crud.py,update_customer_file,function,38,
web-main,projects/web-main/backend/api/data_crud.py,delete_customer_file,api-route,48,ROUTER.DELETE /data/files/{file_id}
web-main,projects/web-main/backend/api/data_crud.py,delete_customer_file,function,48,
web-main,projects/web-main/backend/api/data_preparation.py,_requesting_user_id,function,33,
web-main,projects/web-main/backend/api/data_preparation.py,_assert_file_access,function,37,
web-main,projects/web-main/backend/api/data_preparation.py,_plan_visible_to_current,function,44,
web-main,projects/web-main/backend/api/data_preparation.py,_epoch_visible_to_current,function,48,
web-main,projects/web-main/backend/api/data_preparation.py,_owner_for_file,function,52,
web-main,projects/web-main/backend/api/data_preparation.py,create_data_preparation_plan,api-route,57,ROUTER.POST /data-preparation/plans
web-main,projects/web-main/backend/api/data_preparation.py,create_data_preparation_plan,function,57,
web-main,projects/web-main/backend/api/data_preparation.py,list_data_preparation_plans,api-route,74,ROUTER.GET /data-preparation/plans
web-main,projects/web-main/backend/api/data_preparation.py,list_data_preparation_plans,function,74,
web-main,projects/web-main/backend/api/data_preparation.py,get_data_preparation_plan,api-route,90,ROUTER.GET /data-preparation/plans/{plan_id}
web-main,projects/web-main/backend/api/data_preparation.py,get_data_preparation_plan,function,90,
web-main,projects/web-main/backend/api/data_preparation.py,update_data_preparation_plan,api-route,99,ROUTER.PUT /data-preparation/plans/{plan_id}
web-main,projects/web-main/backend/api/data_preparation.py,update_data_preparation_plan,function,99,
web-main,projects/web-main/backend/api/data_preparation.py,create_data_preparation_task_reference,api-route,110,ROUTER.POST /data-preparation/plans/{plan_id}/task-reference
web-main,projects/web-main/backend/api/data_preparation.py,create_data_preparation_task_reference,function,110,
web-main,projects/web-main/backend/api/data_preparation.py,get_current_data_preparation_plan_for_file,api-route,120,ROUTER.GET /eeg/files/{file_id}/data-preparation-plan
web-main,projects/web-main/backend/api/data_preparation.py,get_current_data_preparation_plan_for_file,function,120,
web-main,projects/web-main/backend/api/data_preparation.py,save_current_data_preparation_plan_for_file,api-route,129,ROUTER.POST /eeg/files/{file_id}/data-preparation-plan
web-main,projects/web-main/backend/api/data_preparation.py,save_current_data_preparation_plan_for_file,function,129,
web-main,projects/web-main/backend/api/data_preparation.py,list_data_preparation_plans_for_file,api-route,154,ROUTER.GET /eeg/files/{file_id}/data-preparation-plans
web-main,projects/web-main/backend/api/data_preparation.py,list_data_preparation_plans_for_file,function,154,
web-main,projects/web-main/backend/api/data_preparation.py,create_epoch_set_for_file,api-route,168,ROUTER.POST /eeg/files/{file_id}/epoch-sets
web-main,projects/web-main/backend/api/data_preparation.py,create_epoch_set_for_file,function,168,
web-main,projects/web-main/backend/api/data_preparation.py,list_epoch_sets_for_file,api-route,193,ROUTER.GET /eeg/files/{file_id}/epoch-sets
web-main,projects/web-main/backend/api/data_preparation.py,list_epoch_sets_for_file,function,193,
web-main,projects/web-main/backend/api/data_preparation.py,get_epoch_set,api-route,207,ROUTER.GET /epoch-sets/{epoch_set_id}
web-main,projects/web-main/backend/api/data_preparation.py,get_epoch_set,function,207,
web-main,projects/web-main/backend/api/data_preparation.py,update_epoch_set,api-route,217,ROUTER.PUT /epoch-sets/{epoch_set_id}
web-main,projects/web-main/backend/api/data_preparation.py,update_epoch_set,function,217,
web-main,projects/web-main/backend/api/data_preparation.py,save_bad_channel_audit_for_file,api-route,235,ROUTER.POST /eeg/files/{file_id}/bad-channel-audit
web-main,projects/web-main/backend/api/data_preparation.py,save_bad_channel_audit_for_file,function,235,
web-main,projects/web-main/backend/api/eeg_files.py,_requesting_user_id,function,10,
web-main,projects/web-main/backend/api/eeg_files.py,_file_visible_to_current,function,14,
web-main,projects/web-main/backend/api/eeg_files.py,_assert_file_visible,function,22,
web-main,projects/web-main/backend/api/eeg_files.py,list_eeg_files,api-route,30,ROUTER.GET /eeg/files
web-main,projects/web-main/backend/api/eeg_files.py,list_eeg_files,function,30,
web-main,projects/web-main/backend/api/eeg_files.py,upload_eeg,api-route,35,ROUTER.POST /eeg/upload
web-main,projects/web-main/backend/api/eeg_files.py,upload_eeg,function,35,
web-main,projects/web-main/backend/api/eeg_files.py,get_eeg_file,api-route,65,ROUTER.GET /eeg/files/{file_id}
web-main,projects/web-main/backend/api/eeg_files.py,get_eeg_file,function,65,
web-main,projects/web-main/backend/api/eeg_files.py,get_eeg_metadata,api-route,70,ROUTER.GET /eeg/files/{file_id}/metadata
web-main,projects/web-main/backend/api/eeg_files.py,get_eeg_metadata,function,70,
web-main,projects/web-main/backend/api/eeg_files.py,get_eeg_waveform_chunk,api-route,76,ROUTER.GET /eeg/files/{file_id}/waveform/chunk
web-main,projects/web-main/backend/api/eeg_files.py,get_eeg_waveform_chunk,function,76,
web-main,projects/web-main/backend/api/epilepsy_phase_validator.py,PhaseConfig,class,28,
web-main,projects/web-main/backend/api/epilepsy_phase_validator.py,ValidationResult,class,82,
web-main,projects/web-main/backend/api/epilepsy_phase_validator.py,get_current_phase_config,function,96,
web-main,projects/web-main/backend/api/epilepsy_phase_validator.py,find_support_phase,function,101,
web-main,projects/web-main/backend/api/epilepsy_phase_validator.py,validate_epilepsy_file_constraints,function,112,
web-main,projects/web-main/backend/api/epilepsy_phase_validator.py,validate_by_file_id,function,335,
web-main,projects/web-main/backend/api/epilepsy_phase_validator.py,get_phase_roadmap,function,369,
web-main,projects/web-main/backend/api/epilepsy_phase_validator.py,check_file_phase_compatibility,function,402,
web-main,projects/web-main/backend/api/epilepsy_phase_validator.py,PhaseValidationMetrics,class,461,
web-main,projects/web-main/backend/api/epilepsy_phase_validator.py,__init__,function,464,
web-main,projects/web-main/backend/api/epilepsy_phase_validator.py,record_validation,function,472,
web-main,projects/web-main/backend/api/epilepsy_phase_validator.py,get_summary,function,487,
web-main,projects/web-main/backend/api/epilepsy_phase_validator.py,get_validation_metrics,function,505,
web-main,projects/web-main/backend/api/epilepsy_phase_validator.py,reset_validation_metrics,function,510,
web-main,projects/web-main/backend/api/epilepsy_workbench.py,TimeRange,class,43,
web-main,projects/web-main/backend/api/epilepsy_workbench.py,ReviewAction,class,48,
web-main,projects/web-main/backend/api/epilepsy_workbench.py,EventReview,class,59,
web-main,projects/web-main/backend/api/epilepsy_workbench.py,EpilepsyReviewSession,class,67,
web-main,projects/web-main/backend/api/epilepsy_workbench.py,CreateReviewSessionRequest,class,95,
web-main,projects/web-main/backend/api/epilepsy_workbench.py,PatchReviewSessionRequest,class,107,
web-main,projects/web-main/backend/api/epilepsy_workbench.py,_sessions,function,117,
web-main,projects/web-main/backend/api/epilepsy_workbench.py,_save_session,function,121,
web-main,projects/web-main/backend/api/epilepsy_workbench.py,_artifact_id_by_label,function,127,
web-main,projects/web-main/backend/api/epilepsy_workbench.py,_task_input_file_id,function,137,
web-main,projects/web-main/backend/api/epilepsy_workbench.py,_task_parameters,function,150,
web-main,projects/web-main/backend/api/epilepsy_workbench.py,_context_value,function,161,
web-main,projects/web-main/backend/api/epilepsy_workbench.py,_optional_int,function,165,
web-main,projects/web-main/backend/api/epilepsy_workbench.py,_validate_inherited_context,function,174,
web-main,projects/web-main/backend/api/epilepsy_workbench.py,_open_raw_eeg,function,198,
web-main,projects/web-main/backend/api/epilepsy_workbench.py,_source_unit_policy,function,209,
web-main,projects/web-main/backend/api/epilepsy_workbench.py,_select_waveform_channels,function,226,
web-main,projects/web-main/backend/api/epilepsy_workbench.py,_validate_waveform_budget,function,248,
web-main,projects/web-main/backend/api/epilepsy_workbench.py,_filter_profile,function,264,
web-main,projects/web-main/backend/api/epilepsy_workbench.py,_apply_preview_filter,function,286,
web-main,projects/web-main/backend/api/epilepsy_workbench.py,_encode_minmax_window_streaming,function,306,
web-main,projects/web-main/backend/api/epilepsy_workbench.py,create_review_session,api-route,347,ROUTER.POST /tasks/{task_id}/epilepsy-review-sessions
web-main,projects/web-main/backend/api/epilepsy_workbench.py,create_review_session,function,347,
web-main,projects/web-main/backend/api/epilepsy_workbench.py,_get_review_session_for_user,function,402,
web-main,projects/web-main/backend/api/epilepsy_workbench.py,get_review_session,api-route,413,ROUTER.GET /epilepsy-review-sessions/{session_id}
web-main,projects/web-main/backend/api/epilepsy_workbench.py,get_review_session,function,413,
web-main,projects/web-main/backend/api/epilepsy_workbench.py,patch_review_session,api-route,421,ROUTER.PATCH /epilepsy-review-sessions/{session_id}
web-main,projects/web-main/backend/api/epilepsy_workbench.py,patch_review_session,function,421,
web-main,projects/web-main/backend/api/epilepsy_workbench.py,waveform_pyramid_manifest,api-route,445,ROUTER.GET /eeg/files/{file_id}/waveform-pyramid/manifest
web-main,projects/web-main/backend/api/epilepsy_workbench.py,waveform_pyramid_manifest,function,445,
web-main,projects/web-main/backend/api/epilepsy_workbench.py,build_waveform_pyramid,api-route,480,ROUTER.POST /eeg/files/{file_id}/waveform-pyramid/build
web-main,projects/web-main/backend/api/epilepsy_workbench.py,build_waveform_pyramid,function,480,
web-main,projects/web-main/backend/api/epilepsy_workbench.py,waveform_window,api-route,493,ROUTER.GET /eeg/files/{file_id}/waveform-window
web-main,projects/web-main/backend/api/epilepsy_workbench.py,waveform_window,function,493,
web-main,projects/web-main/backend/api/epilepsy_workbench.py,_encode_channel,function,612,
web-main,projects/web-main/backend/api/epilepsy_workbench.py,_round_list,function,646,
web-main,projects/web-main/backend/api/epilepsy_workbench.py,_csv_from_rows,function,650,
web-main,projects/web-main/backend/api/epilepsy_workbench.py,_jsonl_from_models,function,668,
web-main,projects/web-main/backend/api/epilepsy_workbench.py,_artifact_metadata,function,672,
web-main,projects/web-main/backend/api/epilepsy_workbench.py,_register_review_artifact,function,695,
web-main,projects/web-main/backend/api/epilepsy_workbench.py,_source_artifact_metadata,function,724,
web-main,projects/web-main/backend/api/epilepsy_workbench.py,_task_artifact_by_id,function,757,
web-main,projects/web-main/backend/api/epilepsy_workbench.py,_task_artifact_by_label,function,764,
web-main,projects/web-main/backend/api/epilepsy_workbench.py,_artifact_text,function,774,
web-main,projects/web-main/backend/api/epilepsy_workbench.py,_artifact_json,function,783,
web-main,projects/web-main/backend/api/epilepsy_workbench.py,_artifact_csv_rows,function,794,
web-main,projects/web-main/backend/api/epilepsy_workbench.py,_stage_label,function,801,
web-main,projects/web-main/backend/api/epilepsy_workbench.py,_stage_code,function,805,
web-main,projects/web-main/backend/api/epilepsy_workbench.py,_review_decision_label,function,813,
web-main,projects/web-main/backend/api/epilepsy_workbench.py,_reviewed_epoch_rows,function,817,
web-main,projects/web-main/backend/api/epilepsy_workbench.py,_v01_epoch_prediction_rows,function,836,
web-main,projects/web-main/backend/api/epilepsy_workbench.py,_reviewed_event_rows,function,875,
web-main,projects/web-main/backend/api/epilepsy_workbench.py,_v01_candidate_event_rows,function,884,
web-main,projects/web-main/backend/api/epilepsy_workbench.py,_manual_correction_rows,function,906,
web-main,projects/web-main/backend/api/epilepsy_workbench.py,_final_review_event_rows,function,932,
web-main,projects/web-main/backend/api/epilepsy_workbench.py,export_review_session,api-route,937,ROUTER.POST /epilepsy-review-sessions/{session_id}/exports
web-main,projects/web-main/backend/api/epilepsy_workbench.py,export_review_session,function,937,
web-main,projects/web-main/backend/api/epilepsy_workbench.py,_load_task_events_csv,function,1108,
web-main,projects/web-main/backend/api/epilepsy_workbench.py,_task_artifact_by_id_for_events,function,1130,
web-main,projects/web-main/backend/api/epilepsy_workbench.py,_load_task_summary,function,1140,
web-main,projects/web-main/backend/api/epilepsy_workbench.py,_format_event_time,function,1151,
web-main,projects/web-main/backend/api/epilepsy_workbench.py,_event_review_status,function,1163,
web-main,projects/web-main/backend/api/epilepsy_workbench.py,get_epilepsy_task_events,api-route,1180,ROUTER.GET /epilepsy-workbench/{task_id}/events
web-main,projects/web-main/backend/api/epilepsy_workbench.py,get_epilepsy_task_events,function,1180,
web-main,projects/web-main/backend/api/epilepsy_workbench.py,_safe_event_file_id,function,1259,
web-main,projects/web-main/backend/api/epilepsy_workbench.py,_generate_event_evidence_png,function,1267,
web-main,projects/web-main/backend/api/epilepsy_workbench.py,_task_artifact_root,function,1325,
web-main,projects/web-main/backend/api/epilepsy_workbench.py,get_event_evidence,api-route,1347,ROUTER.GET /epilepsy-workbench/{task_id}/events/{event_id}/evidence
web-main,projects/web-main/backend/api/epilepsy_workbench.py,get_event_evidence,function,1347,
web-main,projects/web-main/backend/api/epilepsy_workbench.py,_register_or_get_evidence_artifact,function,1381,
web-main,projects/web-main/backend/api/epilepsy_workbench.py,get_epilepsy_phase_roadmap,api-route,1400,ROUTER.GET /epilepsy-workbench/phase-roadmap
web-main,projects/web-main/backend/api/epilepsy_workbench.py,get_epilepsy_phase_roadmap,function,1400,
web-main,projects/web-main/backend/api/epilepsy_workbench.py,create_all_events_evidence_package,api-route,1409,ROUTER.POST /epilepsy-workbench/{task_id}/evidence-package
web-main,projects/web-main/backend/api/epilepsy_workbench.py,create_all_events_evidence_package,function,1409,
web-main,projects/web-main/backend/api/health.py,get_health,api-route,16,ROUTER.GET /health
web-main,projects/web-main/backend/api/health.py,get_health,function,16,
web-main,projects/web-main/backend/api/health.py,get_readiness,api-route,28,ROUTER.GET /health/readiness
web-main,projects/web-main/backend/api/health.py,get_readiness,function,28,
web-main,projects/web-main/backend/api/lab_demo.py,LabDemoRunRequest,class,48,
web-main,projects/web-main/backend/api/lab_demo.py,_env_flag,function,52,
web-main,projects/web-main/backend/api/lab_demo.py,_public_lab_demo_enabled,function,59,
web-main,projects/web-main/backend/api/lab_demo.py,_assert_public_lab_demo_enabled,function,68,
web-main,projects/web-main/backend/api/lab_demo.py,_assert_demo_task,function,73,
web-main,projects/web-main/backend/api/lab_demo.py,_assert_path_within_derivatives,function,83,
web-main,projects/web-main/backend/api/lab_demo.py,get_demo_dataset,api-route,93,ROUTER.GET /lab/demo/dataset
web-main,projects/web-main/backend/api/lab_demo.py,get_demo_dataset,function,93,
web-main,projects/web-main/backend/api/lab_demo.py,get_epilepsy_demo_dataset,api-route,99,ROUTER.GET /lab/demo/epilepsy
web-main,projects/web-main/backend/api/lab_demo.py,get_epilepsy_demo_dataset,function,99,
web-main,projects/web-main/backend/api/lab_demo.py,run_demo_module,api-route,105,ROUTER.POST /lab/demo/run/{module}
web-main,projects/web-main/backend/api/lab_demo.py,run_demo_module,function,105,
web-main,projects/web-main/backend/api/lab_demo.py,run_configured_demo_module,api-route,114,ROUTER.POST /lab/demo/run/{module}/configured
web-main,projects/web-main/backend/api/lab_demo.py,run_configured_demo_module,function,114,
web-main,projects/web-main/backend/api/lab_demo.py,run_all_demo_modules,api-route,125,ROUTER.POST /lab/demo/run-all
web-main,projects/web-main/backend/api/lab_demo.py,run_all_demo_modules,function,125,
web-main,projects/web-main/backend/api/lab_demo.py,list_demo_artifacts,api-route,136,ROUTER.GET /lab/demo/artifacts/{task_id}
web-main,projects/web-main/backend/api/lab_demo.py,list_demo_artifacts,function,136,
web-main,projects/web-main/backend/api/lab_demo.py,download_demo_artifact,api-route,154,ROUTER.GET /lab/demo/artifacts/{task_id}/download/{filename:path}
web-main,projects/web-main/backend/api/lab_demo.py,download_demo_artifact,function,154,
web-main,projects/web-main/backend/api/lab_demo.py,analyze_uploaded_file,api-route,176,ROUTER.POST /lab/demo/analyze-upload
web-main,projects/web-main/backend/api/lab_demo.py,analyze_uploaded_file,function,176,
web-main,projects/web-main/backend/api/lab_demo.py,get_upload_result,api-route,252,ROUTER.GET /lab/demo/upload-result/{run_id}
web-main,projects/web-main/backend/api/lab_demo.py,get_upload_result,function,252,
web-main,projects/web-main/backend/api/lab_demo.py,download_upload_result,api-route,268,ROUTER.GET /lab/demo/upload-result/{run_id}/download/{filename:path}
web-main,projects/web-main/backend/api/lab_demo.py,download_upload_result,function,268,
web-main,projects/web-main/backend/api/lab_demo.py,list_sample_files,api-route,287,ROUTER.GET /lab/demo/sample-files
web-main,projects/web-main/backend/api/lab_demo.py,list_sample_files,function,287,
web-main,projects/web-main/backend/api/lab_demo.py,download_sample_file,api-route,310,ROUTER.GET /lab/demo/sample-files/{filename:path}
web-main,projects/web-main/backend/api/lab_demo.py,download_sample_file,function,310,
web-main,projects/web-main/backend/api/lab_edf_reviewer.py,_env_flag,function,23,
web-main,projects/web-main/backend/api/lab_edf_reviewer.py,_public_lab_edf_reviewer_enabled,function,30,
web-main,projects/web-main/backend/api/lab_edf_reviewer.py,_assert_public_lab_edf_reviewer_enabled,function,39,
web-main,projects/web-main/backend/api/lab_edf_reviewer.py,inspect_edf,api-route,45,ROUTER.POST /lab/edf-reviewer/inspect
web-main,projects/web-main/backend/api/lab_edf_reviewer.py,inspect_edf,function,45,
web-main,projects/web-main/backend/api/lab_edf_reviewer.py,render_waveform,api-route,87,ROUTER.POST /lab/edf-reviewer/waveform
web-main,projects/web-main/backend/api/lab_edf_reviewer.py,render_waveform,function,87,
web-main,projects/web-main/backend/api/lab_edf_reviewer.py,get_status,api-route,170,ROUTER.GET /lab/edf-reviewer/status
web-main,projects/web-main/backend/api/lab_edf_reviewer.py,get_status,function,170,
web-main,projects/web-main/backend/api/lab_epilepsy_full_flow.py,_seed,function,75,
web-main,projects/web-main/backend/api/lab_epilepsy_full_flow.py,_env_flag,function,146,
web-main,projects/web-main/backend/api/lab_epilepsy_full_flow.py,_host_without_port,function,150,
web-main,projects/web-main/backend/api/lab_epilepsy_full_flow.py,_is_local_host_value,function,159,
web-main,projects/web-main/backend/api/lab_epilepsy_full_flow.py,_comma_hosts_are_local,function,163,
web-main,projects/web-main/backend/api/lab_epilepsy_full_flow.py,_origin_headers_are_local,function,169,
web-main,projects/web-main/backend/api/lab_epilepsy_full_flow.py,_forwarded_headers_are_local,function,177,
web-main,projects/web-main/backend/api/lab_epilepsy_full_flow.py,_is_local_request,function,190,
web-main,projects/web-main/backend/api/lab_epilepsy_full_flow.py,require_lab_local_request,function,200,
web-main,projects/web-main/backend/api/lab_epilepsy_full_flow.py,_sample_root,function,209,
web-main,projects/web-main/backend/api/lab_epilepsy_full_flow.py,_sanitize_payload,function,219,
web-main,projects/web-main/backend/api/lab_epilepsy_full_flow.py,_require_object_list,function,236,
web-main,projects/web-main/backend/api/lab_epilepsy_full_flow.py,_csv_text,function,246,
web-main,projects/web-main/backend/api/lab_epilepsy_full_flow.py,_normalize_review_status,function,255,
web-main,projects/web-main/backend/api/lab_epilepsy_full_flow.py,_normalize_review_status_strict,function,263,
web-main,projects/web-main/backend/api/lab_epilepsy_full_flow.py,_event_review_status,function,271,
web-main,projects/web-main/backend/api/lab_epilepsy_full_flow.py,_finite_float,function,275,
web-main,projects/web-main/backend/api/lab_epilepsy_full_flow.py,_is_finite_number,function,285,
web-main,projects/web-main/backend/api/lab_epilepsy_full_flow.py,_normalize_channels,function,292,
web-main,projects/web-main/backend/api/lab_epilepsy_full_flow.py,_assert_channels_allowed,function,304,
web-main,projects/web-main/backend/api/lab_epilepsy_full_flow.py,_validate_evidence_window,function,312,
web-main,projects/web-main/backend/api/lab_epilepsy_full_flow.py,_normalize_review_event,function,335,
web-main,projects/web-main/backend/api/lab_epilepsy_full_flow.py,_review_status_counts,function,388,
web-main,projects/web-main/backend/api/lab_epilepsy_full_flow.py,_event_type_label,function,398,
web-main,projects/web-main/backend/api/lab_epilepsy_full_flow.py,_review_status_label,function,403,
web-main,projects/web-main/backend/api/lab_epilepsy_full_flow.py,_priority_label,function,407,
web-main,projects/web-main/backend/api/lab_epilepsy_full_flow.py,_candidate_source_label,function,415,
web-main,projects/web-main/backend/api/lab_epilepsy_full_flow.py,_review_session_path,function,428,
web-main,projects/web-main/backend/api/lab_epilepsy_full_flow.py,_safe_exception_summary,function,434,
web-main,projects/web-main/backend/api/lab_epilepsy_full_flow.py,_persist_review_session,function,441,
web-main,projects/web-main/backend/api/lab_epilepsy_full_flow.py,_load_review_session,function,452,
web-main,projects/web-main/backend/api/lab_epilepsy_full_flow.py,_customer_event_rows,function,475,
web-main,projects/web-main/backend/api/lab_epilepsy_full_flow.py,_lab_review_export,function,501,
web-main,projects/web-main/backend/api/lab_epilepsy_full_flow.py,_lab_review_report,function,617,
web-main,projects/web-main/backend/api/lab_epilepsy_full_flow.py,_sanitized_record,function,683,
web-main,projects/web-main/backend/api/lab_epilepsy_full_flow.py,_record_id_from_path,function,701,
web-main,projects/web-main/backend/api/lab_epilepsy_full_flow.py,_record_id_from_file_id,function,705,
web-main,projects/web-main/backend/api/lab_epilepsy_full_flow.py,_lab_record_id,function,713,
web-main,projects/web-main/backend/api/lab_epilepsy_full_flow.py,_registered_sample_path,function,726,
web-main,projects/web-main/backend/api/lab_epilepsy_full_flow.py,_sample_paths,function,735,
web-main,projects/web-main/backend/api/lab_epilepsy_full_flow.py,_sample_path,function,749,
web-main,projects/web-main/backend/api/lab_epilepsy_full_flow.py,_metadata_for_path,function,757,
web-main,projects/web-main/backend/api/lab_epilepsy_full_flow.py,_record_payload,function,772,
web-main,projects/web-main/backend/api/lab_epilepsy_full_flow.py,_canonical_sha256,function,792,
web-main,projects/web-main/backend/api/lab_epilepsy_full_flow.py,_record_identity_manifest,function,796,
web-main,projects/web-main/backend/api/lab_epilepsy_full_flow.py,_scan_parameter_manifest,function,823,
web-main,projects/web-main/backend/api/lab_epilepsy_full_flow.py,_event_evidence_manifest,function,843,
web-main,projects/web-main/backend/api/lab_epilepsy_full_flow.py,_qc_manifest,function,900,
web-main,projects/web-main/backend/api/lab_epilepsy_full_flow.py,_figure_manifest,function,932,
web-main,projects/web-main/backend/api/lab_epilepsy_full_flow.py,_export_manifest,function,965,
web-main,projects/web-main/backend/api/lab_epilepsy_full_flow.py,_pick_channels,function,1006,
web-main,projects/web-main/backend/api/lab_epilepsy_full_flow.py,_scale_to_uv,function,1025,
web-main,projects/web-main/backend/api/lab_epilepsy_full_flow.py,_window_data,function,1035,
web-main,projects/web-main/backend/api/lab_epilepsy_full_flow.py,_cached_window_data,function,1074,
web-main,projects/web-main/backend/api/lab_epilepsy_full_flow.py,_window_data_cached,function,1084,
web-main,projects/web-main/backend/api/lab_epilepsy_full_flow.py,_candidate_metrics,function,1094,
web-main,projects/web-main/backend/api/lab_epilepsy_full_flow.py,_metric_score,function,1120,
web-main,projects/web-main/backend/api/lab_epilepsy_full_flow.py,_scan_candidate_windows,function,1124,
web-main,projects/web-main/backend/api/lab_epilepsy_full_flow.py,_seeded_candidates,function,1206,
web-main,projects/web-main/backend/api/lab_epilepsy_full_flow.py,list_he_records,api-route,1232,ROUTER.GET /lab/epilepsy-full-flow/records
web-main,projects/web-main/backend/api/lab_epilepsy_full_flow.py,list_he_records,function,1232,
web-main,projects/web-main/backend/api/lab_epilepsy_full_flow.py,preflight_he_record,api-route,1245,ROUTER.GET /lab/epilepsy-full-flow/records/{record_id}/preflight
web-main,projects/web-main/backend/api/lab_epilepsy_full_flow.py,preflight_he_record,function,1245,
web-main,projects/web-main/backend/api/lab_epilepsy_full_flow.py,generate_he_candidates,api-route,1260,ROUTER.POST /lab/epilepsy-full-flow/records/{record_id}/candidates
web-main,projects/web-main/backend/api/lab_epilepsy_full_flow.py,generate_he_candidates,function,1260,
web-main,projects/web-main/backend/api/lab_epilepsy_full_flow.py,he_waveform_window,api-route,1322,ROUTER.GET /lab/epilepsy-full-flow/records/{record_id}/waveform-window
web-main,projects/web-main/backend/api/lab_epilepsy_full_flow.py,he_waveform_window,function,1322,
web-main,projects/web-main/backend/api/lab_epilepsy_full_flow.py,save_lab_review_session,api-route,1334,ROUTER.POST /lab/epilepsy-full-flow/review-sessions
web-main,projects/web-main/backend/api/lab_epilepsy_full_flow.py,save_lab_review_session,function,1334,
web-main,projects/web-main/backend/api/lab_epilepsy_full_flow.py,get_lab_review_session,api-route,1404,ROUTER.GET /lab/epilepsy-full-flow/review-sessions/{session_id}
web-main,projects/web-main/backend/api/lab_epilepsy_full_flow.py,get_lab_review_session,function,1404,
web-main,projects/web-main/backend/api/lab_epilepsy_full_flow.py,export_lab_review_session,api-route,1412,ROUTER.POST /lab/epilepsy-full-flow/review-sessions/{session_id}/exports
web-main,projects/web-main/backend/api/lab_epilepsy_full_flow.py,export_lab_review_session,function,1412,
web-main,projects/web-main/backend/api/lab_epilepsy_full_flow.py,report_lab_review_session,api-route,1420,ROUTER.GET /lab/epilepsy-full-flow/review-sessions/{session_id}/report
web-main,projects/web-main/backend/api/lab_epilepsy_full_flow.py,report_lab_review_session,function,1420,
web-main,projects/web-main/backend/api/projects.py,_assert_path_within_derivatives,function,17,
web-main,projects/web-main/backend/api/projects.py,_require_project_mutate,function,27,
web-main,projects/web-main/backend/api/projects.py,create_project,api-route,39,ROUTER.POST /projects
web-main,projects/web-main/backend/api/projects.py,create_project,function,39,
web-main,projects/web-main/backend/api/projects.py,list_projects,api-route,48,ROUTER.GET /projects
web-main,projects/web-main/backend/api/projects.py,list_projects,function,48,
web-main,projects/web-main/backend/api/projects.py,get_project,api-route,58,ROUTER.GET /projects/{project_id}
web-main,projects/web-main/backend/api/projects.py,get_project,function,58,
web-main,projects/web-main/backend/api/projects.py,update_project,api-route,67,ROUTER.PATCH /projects/{project_id}
web-main,projects/web-main/backend/api/projects.py,update_project,function,67,
web-main,projects/web-main/backend/api/projects.py,archive_project,api-route,73,ROUTER.POST /projects/{project_id}/archive
web-main,projects/web-main/backend/api/projects.py,archive_project,function,73,
web-main,projects/web-main/backend/api/projects.py,delete_project,api-route,79,ROUTER.DELETE /projects/{project_id}
web-main,projects/web-main/backend/api/projects.py,delete_project,function,79,
web-main,projects/web-main/backend/api/projects.py,batch_download_project_task_artifacts,api-route,85,ROUTER.POST /projects/{project_id}/tasks/{task_id}/artifacts/batch
web-main,projects/web-main/backend/api/projects.py,batch_download_project_task_artifacts,function,85,
web-main,projects/web-main/backend/api/reports.py,_requesting_user_id,function,12,
web-main,projects/web-main/backend/api/reports.py,create_report,api-route,17,ROUTER.POST /reports
web-main,projects/web-main/backend/api/reports.py,create_report,function,17,
web-main,projects/web-main/backend/api/reports.py,get_report,api-route,38,ROUTER.GET /reports/{report_id}
web-main,projects/web-main/backend/api/reports.py,get_report,function,38,
web-main,projects/web-main/backend/api/reports.py,download_report_html,api-route,43,ROUTER.GET /reports/{report_id}/html
web-main,projects/web-main/backend/api/reports.py,download_report_html,function,43,
web-main,projects/web-main/backend/api/reports.py,download_report_package,api-route,49,ROUTER.GET /reports/{report_id}/package
web-main,projects/web-main/backend/api/reports.py,download_report_package,function,49,
web-main,projects/web-main/backend/api/subjects.py,_requesting_user_id,function,10,
web-main,projects/web-main/backend/api/subjects.py,create_subject,api-route,15,ROUTER.POST /projects/{project_id}/subjects
web-main,projects/web-main/backend/api/subjects.py,create_subject,function,15,
web-main,projects/web-main/backend/api/subjects.py,list_subjects,api-route,28,ROUTER.GET /projects/{project_id}/subjects
web-main,projects/web-main/backend/api/subjects.py,list_subjects,function,28,
web-main,projects/web-main/backend/api/tasks.py,_assert_path_within_derivatives,function,19,
web-main,projects/web-main/backend/api/tasks.py,create_task,api-route,30,ROUTER.POST /tasks
web-main,projects/web-main/backend/api/tasks.py,create_task,function,30,
web-main,projects/web-main/backend/api/tasks.py,mark_task_result_reviewed,api-route,59,ROUTER.POST /tasks/{task_id}/result-review
web-main,projects/web-main/backend/api/tasks.py,mark_task_result_reviewed,function,59,
web-main,projects/web-main/backend/api/tasks.py,get_task,api-route,79,ROUTER.GET /tasks/{task_id}
web-main,projects/web-main/backend/api/tasks.py,get_task,function,79,
web-main,projects/web-main/backend/api/tasks.py,get_task_artifacts,api-route,85,ROUTER.GET /tasks/{task_id}/artifacts
web-main,projects/web-main/backend/api/tasks.py,get_task_artifacts,function,85,
web-main,projects/web-main/backend/api/tasks.py,batch_download_task_artifacts,api-route,93,ROUTER.POST /tasks/{task_id}/artifacts/batch
web-main,projects/web-main/backend/api/tasks.py,batch_download_task_artifacts,function,93,
web-main,projects/web-main/backend/api/teaching_data.py,TeachingDemoInfo,class,18,
web-main,projects/web-main/backend/api/teaching_data.py,TeachingDemoListResponse,class,33,
web-main,projects/web-main/backend/api/teaching_data.py,list_teaching_demos,api-route,40,ROUTER.GET /teaching/demos
web-main,projects/web-main/backend/api/teaching_data.py,list_teaching_demos,function,40,
web-main,projects/web-main/backend/api/teaching_data.py,get_teaching_demo,api-route,64,ROUTER.GET /teaching/demos/{demo_id}
web-main,projects/web-main/backend/api/teaching_data.py,get_teaching_demo,function,64,
web-main,projects/web-main/backend/api/teaching_data.py,register_teaching_demo,api-route,99,ROUTER.POST /teaching/register/{demo_id}
web-main,projects/web-main/backend/api/teaching_data.py,register_teaching_demo,function,99,
web-main,projects/web-main/backend/api/teaching_data.py,register_all_teaching_demos,api-route,120,ROUTER.POST /teaching/register-all
web-main,projects/web-main/backend/api/teaching_data.py,register_all_teaching_demos,function,120,
web-main,projects/web-main/backend/api/teaching_data.py,generate_teaching_demos,api-route,137,ROUTER.POST /teaching/generate
web-main,projects/web-main/backend/api/teaching_data.py,generate_teaching_demos,function,137,
web-main,projects/web-main/backend/api/teaching_data.py,ensure_teaching_project,api-route,157,ROUTER.GET /teaching/project
web-main,projects/web-main/backend/api/teaching_data.py,ensure_teaching_project,function,157,
web-main,projects/web-main/backend/api/teaching_data.py,get_teaching_demo_path,api-route,177,ROUTER.GET /teaching/demos/{demo_id}/path
web-main,projects/web-main/backend/api/teaching_data.py,get_teaching_demo_path,function,177,
web-main,projects/web-main/backend/api/teaching_data.py,get_teaching_status,api-route,199,ROUTER.GET /teaching/status
web-main,projects/web-main/backend/api/teaching_data.py,get_teaching_status,function,199,
web-main,projects/web-main/backend/api/templates.py,list_templates,api-route,10,ROUTER.GET /templates
web-main,projects/web-main/backend/api/templates.py,list_templates,function,10,
web-main,projects/web-main/backend/api/templates.py,get_template,api-route,15,ROUTER.GET /templates/{template_id}
web-main,projects/web-main/backend/api/templates.py,get_template,function,15,
web-main,projects/web-main/backend/api/templates.py,list_analysis_templates,api-route,23,ROUTER.GET /analysis-templates
web-main,projects/web-main/backend/api/templates.py,list_analysis_templates,function,23,
web-main,projects/web-main/backend/api/templates.py,list_paradigms,api-route,28,ROUTER.GET /paradigms
web-main,projects/web-main/backend/api/templates.py,list_paradigms,function,28,
web-main,projects/web-main/backend/api/templates.py,list_recommendation_rules,api-route,33,ROUTER.GET /recommendation-rules
web-main,projects/web-main/backend/api/templates.py,list_recommendation_rules,function,33,
web-main,projects/web-main/backend/api/test_epilepsy_phase_validator.py,TestPhaseValidator,class,82,
web-main,projects/web-main/backend/api/test_epilepsy_phase_validator.py,setup_method,function,85,
web-main,projects/web-main/backend/api/test_epilepsy_phase_validator.py,test_phase_1_regular_data_passes,function,89,
web-main,projects/web-main/backend/api/test_epilepsy_phase_validator.py,mock_reader,function,98,
web-main,projects/web-main/backend/api/test_epilepsy_phase_validator.py,test_phase_1_file_too_large_rejected,function,122,
web-main,projects/web-main/backend/api/test_epilepsy_phase_validator.py,mock_reader,function,129,
web-main,projects/web-main/backend/api/test_epilepsy_phase_validator.py,test_phase_1_duration_too_long_rejected,function,153,
web-main,projects/web-main/backend/api/test_epilepsy_phase_validator.py,mock_reader,function,160,
web-main,projects/web-main/backend/api/test_epilepsy_phase_validator.py,test_phase_1_extreme_data_rejected,function,183,
web-main,projects/web-main/backend/api/test_epilepsy_phase_validator.py,mock_reader,function,190,
web-main,projects/web-main/backend/api/test_epilepsy_phase_validator.py,test_get_phase_roadmap,function,213,
web-main,projects/web-main/backend/api/test_epilepsy_phase_validator.py,test_check_file_phase_compatibility,function,226,
web-main,projects/web-main/backend/api/test_epilepsy_phase_validator.py,TestPhaseValidatorIntegration,class,260,
web-main,projects/web-main/backend/api/test_epilepsy_phase_validator.py,test_validate_by_file_id_integration,function,264,
web-main,projects/web-main/backend/api/test_epilepsy_phase_validator.py,TestPhaseValidatorPerformance,class,289,
web-main,projects/web-main/backend/api/test_epilepsy_phase_validator.py,test_validation_performance,function,292,
web-main,projects/web-main/backend/api/test_epilepsy_phase_validator.py,mock_reader,function,299,
web-main,projects/web-main/backend/api/test_epilepsy_phase_validator.py,TestValidationMetrics,class,324,
web-main,projects/web-main/backend/api/test_epilepsy_phase_validator.py,setup_method,function,327,
web-main,projects/web-main/backend/api/test_epilepsy_phase_validator.py,test_metrics_collection,function,330,
web-main,projects/web-main/backend/api/test_epilepsy_phase_validator.py,TestBoundaryConditions,class,362,
web-main,projects/web-main/backend/api/test_epilepsy_phase_validator.py,test_exactly_at_limit,function,365,
web-main,projects/web-main/backend/api/test_epilepsy_phase_validator.py,mock_reader,function,372,
web-main,projects/web-main/backend/api/test_epilepsy_phase_validator.py,test_just_over_limit,function,391,
web-main,projects/web-main/backend/api/test_epilepsy_phase_validator.py,mock_reader,function,398,
web-main,projects/web-main/backend/api/workflow.py,list_workflow_templates,api-route,9,ROUTER.GET /workflows/templates
web-main,projects/web-main/backend/api/workflow.py,list_workflow_templates,function,9,
web-main,projects/web-main/backend/api/workflow.py,estimate_workflow,api-route,14,ROUTER.POST /workflows/estimate
web-main,projects/web-main/backend/api/workflow.py,estimate_workflow,function,14,
web-main,projects/web-main/backend/main.py,_env_flag,function,14,
web-main,projects/web-main/backend/main.py,_local_lab_env_enabled,function,18,
web-main,projects/web-main/backend/main.py,_cors_origins,function,44,
web-main,projects/web-main/backend/main.py,health.router,router-registration,61,
web-main,projects/web-main/backend/main.py,accounts.router,router-registration,62,
web-main,projects/web-main/backend/main.py,lab_demo.router,router-registration,63,
web-main,projects/web-main/backend/main.py,lab_edf_reviewer.router,router-registration,64,
web-main,projects/web-main/backend/main.py,lab_epilepsy_full_flow.router,router-registration,68,
web-main,projects/web-main/backend/main.py,teaching_data.router,router-registration,74,
web-main,projects/web-main/backend/main.py,projects.router,router-registration,77,
web-main,projects/web-main/backend/main.py,subjects.router,router-registration,78,
web-main,projects/web-main/backend/main.py,eeg_files.router,router-registration,79,
web-main,projects/web-main/backend/main.py,templates.router,router-registration,80,
web-main,projects/web-main/backend/main.py,tasks.router,router-registration,81,
web-main,projects/web-main/backend/main.py,artifacts.router,router-registration,82,
web-main,projects/web-main/backend/main.py,epilepsy_workbench.router,router-registration,83,
web-main,projects/web-main/backend/main.py,reports.router,router-registration,84,
web-main,projects/web-main/backend/main.py,billing.router,router-registration,85,
web-main,projects/web-main/backend/main.py,data_crud.router,router-registration,86,
web-main,projects/web-main/backend/main.py,data_preparation.router,router-registration,87,
web-main,projects/web-main/backend/main.py,workflow.router,router-registration,88,
web-main,projects/web-main/backend/main.py,admin.router,router-registration,91,
web-main,projects/web-main/backend/models/analysis_task.py,AnalysisTaskCreate,class,8,
web-main,projects/web-main/backend/models/analysis_task.py,AnalysisTaskRead,class,23,
web-main,projects/web-main/backend/models/artifact.py,ArtifactRead,class,9,
web-main,projects/web-main/backend/models/base.py,new_id,function,5,
web-main,projects/web-main/backend/models/base.py,utc_now,function,9,
web-main,projects/web-main/backend/models/data_preparation.py,DataPreparationPlanCreate,class,15,
web-main,projects/web-main/backend/models/data_preparation.py,DataPreparationPlanForFileSave,class,50,
web-main,projects/web-main/backend/models/data_preparation.py,DataPreparationPlanUpdate,class,87,
web-main,projects/web-main/backend/models/data_preparation.py,DataPreparationPlanRead,class,119,
web-main,projects/web-main/backend/models/data_preparation.py,DataPreparationTaskReferenceCreate,class,159,
web-main,projects/web-main/backend/models/data_preparation.py,DataPreparationTaskReferenceRead,class,166,
web-main,projects/web-main/backend/models/data_preparation.py,EpochSetCreate,class,180,
web-main,projects/web-main/backend/models/data_preparation.py,EpochSetUpdate,class,208,
web-main,projects/web-main/backend/models/data_preparation.py,EpochSetRead,class,230,
web-main,projects/web-main/backend/models/data_preparation.py,BadChannelAuditCreate,class,262,
web-main,projects/web-main/backend/models/data_preparation.py,BadChannelAuditRead,class,277,
web-main,projects/web-main/backend/models/eeg_file.py,EEGFileRead,class,9,
web-main,projects/web-main/backend/models/governance.py,AuditEventRead,class,8,
web-main,projects/web-main/backend/models/governance.py,UsageRecordRead,class,22,
web-main,projects/web-main/backend/models/governance.py,AccountRead,class,40,
web-main,projects/web-main/backend/models/governance.py,AccountCreate,class,61,
web-main,projects/web-main/backend/models/governance.py,AccountLogin,class,73,
web-main,projects/web-main/backend/models/governance.py,SessionRead,class,78,
web-main,projects/web-main/backend/models/governance.py,RechargeCreate,class,88,
web-main,projects/web-main/backend/models/governance.py,RechargeOrderRead,class,95,
web-main,projects/web-main/backend/models/governance.py,PaymentConfirm,class,109,
web-main,projects/web-main/backend/models/governance.py,BillingTransactionRead,class,115,
web-main,projects/web-main/backend/models/governance.py,VerificationCodeRequest,class,129,
web-main,projects/web-main/backend/models/governance.py,VerificationCodeRead,class,134,
web-main,projects/web-main/backend/models/governance.py,InvoiceRequestCreate,class,145,
web-main,projects/web-main/backend/models/governance.py,InvoiceRequestRead,class,159,
web-main,projects/web-main/backend/models/governance.py,InboxMessageRead,class,170,
web-main,projects/web-main/backend/models/project.py,ProjectCreate,class,8,
web-main,projects/web-main/backend/models/project.py,ProjectUpdate,class,23,
web-main,projects/web-main/backend/models/project.py,ProjectRead,class,31,
web-main,projects/web-main/backend/models/public_api.py,_looks_like_internal_path,function,38,
web-main,projects/web-main/backend/models/public_api.py,sanitize_public_metadata,function,49,
web-main,projects/web-main/backend/models/public_api.py,ArtifactPublicRead,class,67,
web-main,projects/web-main/backend/models/public_api.py,ReportPublicRead,class,90,
web-main,projects/web-main/backend/models/public_api.py,EEGFilePublicRead,class,114,
web-main,projects/web-main/backend/models/public_api.py,DataPreparationPlanPublicRead,class,151,
web-main,projects/web-main/backend/models/public_api.py,DataPreparationTaskReferencePublicRead,class,190,
web-main,projects/web-main/backend/models/public_api.py,EpochSetPublicRead,class,203,
web-main,projects/web-main/backend/models/public_api.py,BadChannelAuditPublicRead,class,234,
web-main,projects/web-main/backend/models/public_api.py,artifact_to_public,function,249,
web-main,projects/web-main/backend/models/public_api.py,report_to_public,function,275,
web-main,projects/web-main/backend/models/public_api.py,eeg_file_to_public,function,301,
web-main,projects/web-main/backend/models/public_api.py,plan_to_public,function,308,
web-main,projects/web-main/backend/models/public_api.py,task_reference_to_public,function,320,
web-main,projects/web-main/backend/models/public_api.py,epoch_set_to_public,function,328,
web-main,projects/web-main/backend/models/public_api.py,bad_channel_audit_to_public,function,337,
web-main,projects/web-main/backend/models/report.py,ReportCreate,class,9,
web-main,projects/web-main/backend/models/report.py,ReportRead,class,18,
web-main,projects/web-main/backend/models/session.py,SessionRead,class,6,
web-main,projects/web-main/backend/models/subject.py,SubjectCreate,class,6,
web-main,projects/web-main/backend/models/subject.py,SubjectRead,class,14,
web-main,projects/web-main/backend/services/account_service.py,_normalize_email,function,30,
web-main,projects/web-main/backend/services/account_service.py,_hash_password,function,34,
web-main,projects/web-main/backend/services/account_service.py,_verify_password,function,42,
web-main,projects/web-main/backend/services/account_service.py,_app_env,function,52,
web-main,projects/web-main/backend/services/account_service.py,_allows_local_admin_seed,function,56,
web-main,projects/web-main/backend/services/account_service.py,_configured_admin_password,function,60,
web-main,projects/web-main/backend/services/account_service.py,_is_blocked_default_admin_login,function,69,
web-main,projects/web-main/backend/services/account_service.py,_is_unsafe_default_admin_account,function,77,
web-main,projects/web-main/backend/services/account_service.py,_public_account,function,85,
web-main,projects/web-main/backend/services/account_service.py,_load_accounts,function,92,
web-main,projects/web-main/backend/services/account_service.py,_load_codes,function,96,
web-main,projects/web-main/backend/services/account_service.py,_load_sessions,function,100,
web-main,projects/web-main/backend/services/account_service.py,_revoke_account_sessions,function,104,
web-main,projects/web-main/backend/services/account_service.py,ensure_seed_accounts,function,111,
web-main,projects/web-main/backend/services/account_service.py,request_verification_code,function,161,
web-main,projects/web-main/backend/services/account_service.py,_assert_verification,function,203,
web-main,projects/web-main/backend/services/account_service.py,create_account,function,223,
web-main,projects/web-main/backend/services/account_service.py,issue_session,function,285,
web-main,projects/web-main/backend/services/account_service.py,login,function,292,
web-main,projects/web-main/backend/services/account_service.py,get_account,function,316,
web-main,projects/web-main/backend/services/account_service.py,get_account_by_token,function,329,
web-main,projects/web-main/backend/services/account_service.py,require_current_account,function,347,
web-main,projects/web-main/backend/services/account_service.py,require_admin_account,function,354,
web-main,projects/web-main/backend/services/account_service.py,assert_same_account_or_admin,function,361,
web-main,projects/web-main/backend/services/account_service.py,list_accounts,function,368,
web-main,projects/web-main/backend/services/account_service.py,update_account,function,373,
web-main,projects/web-main/backend/services/audit_service.py,record_event,function,7,
web-main,projects/web-main/backend/services/audit_service.py,list_events,function,30,
web-main,projects/web-main/backend/services/backup_service.py,sha256_file,function,14,
web-main,projects/web-main/backend/services/backup_service.py,copy_tree_contents,function,22,
web-main,projects/web-main/backend/services/backup_service.py,manifest_for,function,35,
web-main,projects/web-main/backend/services/backup_service.py,manifest_index,function,52,
web-main,projects/web-main/backend/services/backup_service.py,export_backup,function,56,
web-main,projects/web-main/backend/services/backup_service.py,restore_backup,function,72,
web-main,projects/web-main/backend/services/billing_service.py,_load_orders,function,22,
web-main,projects/web-main/backend/services/billing_service.py,_load_transactions,function,26,
web-main,projects/web-main/backend/services/billing_service.py,_public_account,function,30,
web-main,projects/web-main/backend/services/billing_service.py,get_wallet,function,38,
web-main,projects/web-main/backend/services/billing_service.py,create_recharge_order,function,63,
web-main,projects/web-main/backend/services/billing_service.py,get_recharge_order,function,95,
web-main,projects/web-main/backend/services/billing_service.py,confirm_recharge_order,function,102,
web-main,projects/web-main/backend/services/billing_service.py,charge_analysis_task,function,147,
web-main,projects/web-main/backend/services/billing_service.py,has_posted_analysis_task_charge,function,192,
web-main,projects/web-main/backend/services/billing_service.py,list_recharge_orders,function,215,
web-main,projects/web-main/backend/services/billing_service.py,list_transactions,function,219,
web-main,projects/web-main/backend/services/billing_service.py,normalize_account_id,function,223,
web-main,projects/web-main/backend/services/billing_service.py,estimate_task_price,function,235,
web-main,projects/web-main/backend/services/billing_service.py,assert_sufficient_balance,function,241,
web-main,projects/web-main/backend/services/billing_service.py,refund_failed_task,function,254,
web-main,projects/web-main/backend/services/customer_delivery_service.py,assert_path_within_derivatives,function,39,
web-main,projects/web-main/backend/services/customer_delivery_service.py,assert_customer_artifact_file,function,48,
web-main,projects/web-main/backend/services/customer_delivery_service.py,safe_archive_name,function,58,
web-main,projects/web-main/backend/services/customer_delivery_service.py,customer_safe_file,function,65,
web-main,projects/web-main/backend/services/customer_delivery_service.py,customer_safe_bytes,function,76,
web-main,projects/web-main/backend/services/customer_delivery_service.py,_customer_safe_text,function,81,
web-main,projects/web-main/backend/services/customer_delivery_service.py,_redact_payload,function,91,
web-main,projects/web-main/backend/services/customer_delivery_service.py,_redact_text,function,105,
web-main,projects/web-main/backend/services/customer_delivery_service.py,redact_token,function,114,
web-main,projects/web-main/backend/services/data_preparation_service.py,_refresh_plans,function,61,
web-main,projects/web-main/backend/services/data_preparation_service.py,_refresh_epoch_sets,function,67,
web-main,projects/web-main/backend/services/data_preparation_service.py,_plan_root,function,72,
web-main,projects/web-main/backend/services/data_preparation_service.py,_epoch_set_root,function,76,
web-main,projects/web-main/backend/services/data_preparation_service.py,_json_default,function,80,
web-main,projects/web-main/backend/services/data_preparation_service.py,_write_json,function,88,
web-main,projects/web-main/backend/services/data_preparation_service.py,_file_sha256,function,93,
web-main,projects/web-main/backend/services/data_preparation_service.py,_channels_tsv_path_from_plan,function,103,
web-main,projects/web-main/backend/services/data_preparation_service.py,_bad_channel_source_integrity_snapshot,function,112,
web-main,projects/web-main/backend/services/data_preparation_service.py,_merged_contract,function,148,
web-main,projects/web-main/backend/services/data_preparation_service.py,_write_plan_artifacts,function,157,
web-main,projects/web-main/backend/services/data_preparation_service.py,_normalize_legacy_default_scope,function,179,
web-main,projects/web-main/backend/services/data_preparation_service.py,_epoch_contract,function,188,
web-main,projects/web-main/backend/services/data_preparation_service.py,_epoch_manifest_payload,function,209,
web-main,projects/web-main/backend/services/data_preparation_service.py,_write_epoch_set_artifacts,function,217,
web-main,projects/web-main/backend/services/data_preparation_service.py,_revision_conflict,function,237,
web-main,projects/web-main/backend/services/data_preparation_service.py,_validate_scope,function,250,
web-main,projects/web-main/backend/services/data_preparation_service.py,_assert_plan_owner,function,262,
web-main,projects/web-main/backend/services/data_preparation_service.py,list_plans,function,273,
web-main,projects/web-main/backend/services/data_preparation_service.py,get_plan,function,289,
web-main,projects/web-main/backend/services/data_preparation_service.py,get_current_plan_for_file,function,299,
web-main,projects/web-main/backend/services/data_preparation_service.py,list_epoch_sets,function,327,
web-main,projects/web-main/backend/services/data_preparation_service.py,_assert_epoch_set_owner,function,343,
web-main,projects/web-main/backend/services/data_preparation_service.py,get_epoch_set,function,354,
web-main,projects/web-main/backend/services/data_preparation_service.py,_validate_epoch_set_payload,function,364,
web-main,projects/web-main/backend/services/data_preparation_service.py,save_epoch_set_for_file,function,396,
web-main,projects/web-main/backend/services/data_preparation_service.py,update_epoch_set,function,452,
web-main,projects/web-main/backend/services/data_preparation_service.py,save_bad_channel_audit_for_file,function,480,
web-main,projects/web-main/backend/services/data_preparation_service.py,save_plan,function,605,
web-main,projects/web-main/backend/services/data_preparation_service.py,save_current_plan_for_file,function,659,
web-main,projects/web-main/backend/services/data_preparation_service.py,update_plan,function,680,
web-main,projects/web-main/backend/services/data_preparation_service.py,assert_plan_revision,function,713,
web-main,projects/web-main/backend/services/data_preparation_service.py,create_task_reference,function,727,
web-main,projects/web-main/backend/services/data_preparation_service.py,validate_task_parameters,function,756,
web-main,projects/web-main/backend/services/data_source_policy.py,is_protected_teaching_project,function,15,
web-main,projects/web-main/backend/services/data_source_policy.py,is_protected_teaching_file,function,28,
web-main,projects/web-main/backend/services/data_source_policy.py,formal_input_blockers,function,49,
web-main,projects/web-main/backend/services/data_source_policy.py,assert_formal_customer_eeg_source,function,77,
web-main,projects/web-main/backend/services/invoice_service.py,_load_invoices,function,17,
web-main,projects/web-main/backend/services/invoice_service.py,_load_inbox,function,21,
web-main,projects/web-main/backend/services/invoice_service.py,_invoice_root,function,25,
web-main,projects/web-main/backend/services/invoice_service.py,_assert_path_within_invoice_root,function,29,
web-main,projects/web-main/backend/services/invoice_service.py,public_invoice_payload,function,38,
web-main,projects/web-main/backend/services/invoice_service.py,public_inbox_payload,function,44,
web-main,projects/web-main/backend/services/invoice_service.py,_committed_invoice_amount,function,50,
web-main,projects/web-main/backend/services/invoice_service.py,_assert_invoice_amount_available,function,61,
web-main,projects/web-main/backend/services/invoice_service.py,create_invoice_request,function,83,
web-main,projects/web-main/backend/services/invoice_service.py,list_invoices,function,111,
web-main,projects/web-main/backend/services/invoice_service.py,issue_invoice,function,119,
web-main,projects/web-main/backend/services/invoice_service.py,list_inbox,function,167,
web-main,projects/web-main/backend/services/invoice_service.py,get_inbox_attachment,function,173,
web-main,projects/web-main/backend/services/invoice_service.py,get_inbox_attachment_for_account,function,186,
web-main,projects/web-main/backend/services/lab_demo_service.py,_latest_completed_demo_waveform_task,function,43,
web-main,projects/web-main/backend/services/lab_demo_service.py,ensure_demo_dataset,function,65,
web-main,projects/web-main/backend/services/lab_demo_service.py,ensure_epilepsy_demo_dataset,function,173,
web-main,projects/web-main/backend/services/lab_demo_service.py,default_parameters,function,238,
web-main,projects/web-main/backend/services/lab_demo_service.py,run_demo_task,function,346,
web-main,projects/web-main/backend/services/lab_demo_service.py,_read_epilepsy_metadata,function,384,
web-main,projects/web-main/backend/services/lab_demo_service.py,_sha256,function,390,
web-main,projects/web-main/backend/services/lab_demo_service.py,_ensure_epilepsy_fixture_exists,function,398,
web-main,projects/web-main/backend/services/lab_edf_reviewer_service.py,_read_raw_auto,function,26,
web-main,projects/web-main/backend/services/lab_edf_reviewer_service.py,inspect_edf_bytes,function,41,
web-main,projects/web-main/backend/services/lab_edf_reviewer_service.py,process_edf_waveform,function,75,
web-main,projects/web-main/backend/services/lab_edf_reviewer_service.py,_read_edf_data,function,139,
web-main,projects/web-main/backend/services/lab_edf_reviewer_service.py,_maybe_microvolts,function,156,
web-main,projects/web-main/backend/services/lab_edf_reviewer_service.py,_apply_filters,function,168,
web-main,projects/web-main/backend/services/lab_edf_reviewer_service.py,_decimate,function,197,
web-main,projects/web-main/backend/services/lab_edf_reviewer_service.py,_append_acc_rms,function,205,
web-main,projects/web-main/backend/services/lab_edf_reviewer_service.py,_is_acc_channel,function,228,
web-main,projects/web-main/backend/services/lab_edf_reviewer_service.py,_robust_scale,function,234,
web-main,projects/web-main/backend/services/lab_edf_reviewer_service.py,_filter_summary,function,246,
web-main,projects/web-main/backend/services/metadata_service.py,extract_metadata,function,5,
web-main,projects/web-main/backend/services/module_contract_service.py,load_module_contract_registry,function,48,
web-main,projects/web-main/backend/services/module_contract_service.py,enrich_workflow_templates,function,64,
web-main,projects/web-main/backend/services/module_contract_service.py,_band_power_contract_summary,function,83,
web-main,projects/web-main/backend/services/module_contract_service.py,_pac_v2_contract_summary,function,99,
web-main,projects/web-main/backend/services/module_contract_service.py,_contract_summary,function,116,
web-main,projects/web-main/backend/services/object_storage_service.py,_safe_object_key,function,24,
web-main,projects/web-main/backend/services/object_storage_service.py,_uses_oss,function,32,
web-main,projects/web-main/backend/services/object_storage_service.py,local_path_for_object_key,function,36,
web-main,projects/web-main/backend/services/object_storage_service.py,_oss_module,function,41,
web-main,projects/web-main/backend/services/object_storage_service.py,_oss_env,function,52,
web-main,projects/web-main/backend/services/object_storage_service.py,_oss_bucket,function,68,
web-main,projects/web-main/backend/services/object_storage_service.py,_oss_bucket_name,function,75,
web-main,projects/web-main/backend/services/object_storage_service.py,_oss_object_key,function,79,
web-main,projects/web-main/backend/services/object_storage_service.py,_oss_cache_path,function,85,
web-main,projects/web-main/backend/services/object_storage_service.py,_header_get,function,89,
web-main,projects/web-main/backend/services/object_storage_service.py,_metadata_headers,function,103,
web-main,projects/web-main/backend/services/object_storage_service.py,UploadSizeExceeded,class,116,
web-main,projects/web-main/backend/services/object_storage_service.py,__init__,function,117,
web-main,projects/web-main/backend/services/object_storage_service.py,put_upload_file_stream,function,130,
web-main,projects/web-main/backend/services/object_storage_service.py,_put_upload_file_stream_local,function,138,
web-main,projects/web-main/backend/services/object_storage_service.py,_put_upload_file_stream_oss,function,185,
web-main,projects/web-main/backend/services/object_storage_service.py,exists,function,236,
web-main,projects/web-main/backend/services/object_storage_service.py,get_readable,function,246,
web-main,projects/web-main/backend/services/object_storage_service.py,stat,function,263,
web-main,projects/web-main/backend/services/object_storage_service.py,signed_download_url,function,300,
web-main,projects/web-main/backend/services/object_storage_service.py,copy_to_tier,function,311,
web-main,projects/web-main/backend/services/object_storage_service.py,delete_or_mark_deleted,function,334,
web-main,projects/web-main/backend/services/quota_service.py,upload_quota_preview,function,7,
web-main,projects/web-main/backend/services/quota_service.py,task_resource_estimate,function,18,
web-main,projects/web-main/backend/services/quota_service.py,task_quota_preview,function,30,
web-main,projects/web-main/backend/services/quota_service.py,record_usage,function,42,
web-main,projects/web-main/backend/services/quota_service.py,_estimate_cpu_seconds,function,85,
web-main,projects/web-main/backend/services/readiness_service.py,_path_status,function,8,
web-main,projects/web-main/backend/services/readiness_service.py,get_v01_readiness,function,16,
web-main,projects/web-main/backend/services/report_service.py,_refresh_reports,function,43,
web-main,projects/web-main/backend/services/report_service.py,_save_reports,function,48,
web-main,projects/web-main/backend/services/report_service.py,assert_default_report_primary_module,function,53,
web-main,projects/web-main/backend/services/report_service.py,assert_report_source_ready,function,77,
web-main,projects/web-main/backend/services/report_service.py,create_report,function,100,
web-main,projects/web-main/backend/services/report_service.py,get_report,function,172,
web-main,projects/web-main/backend/services/report_service.py,get_report_file,function,192,
web-main,projects/web-main/backend/services/report_service.py,_assert_report_result_reviewed,function,212,
web-main,projects/web-main/backend/services/report_service.py,_assert_report_source_deliverable,function,233,
web-main,projects/web-main/backend/services/report_service.py,_task_result_reviewed,function,267,
web-main,projects/web-main/backend/services/report_service.py,_write_report_package,function,281,
web-main,projects/web-main/backend/services/report_service.py,add_file,function,286,
web-main,projects/web-main/backend/services/report_service.py,add_customer_file,function,293,
web-main,projects/web-main/backend/services/report_service.py,_write_ica_not_run_artifact,function,386,
web-main,projects/web-main/backend/services/report_service.py,_write_report_json_alias,function,423,
web-main,projects/web-main/backend/services/report_service.py,_write_metrics_csv_alias,function,505,
web-main,projects/web-main/backend/services/report_service.py,_readable_artifact_labels,function,538,
web-main,projects/web-main/backend/services/report_service.py,_sibling_completed_analyses,function,550,
web-main,projects/web-main/backend/services/report_service.py,_related_qc_and_audit_artifacts,function,586,
web-main,projects/web-main/backend/services/report_service.py,_bad_channel_summary_from_related,function,625,
web-main,projects/web-main/backend/services/report_service.py,_annotation_summary_from_related,function,635,
web-main,projects/web-main/backend/services/report_service.py,_read_json_if_exists,function,645,
web-main,projects/web-main/backend/services/report_service.py,_customer_safe_package_file,function,654,
web-main,projects/web-main/backend/services/report_service.py,_redact_customer_payload,function,677,
web-main,projects/web-main/backend/services/report_service.py,_redact_customer_text,function,691,
web-main,projects/web-main/backend/services/report_service.py,redact_token,function,699,
web-main,projects/web-main/backend/services/report_service.py,_file_metadata,function,717,
web-main,projects/web-main/backend/services/state_store.py,_held_counts,function,28,
web-main,projects/web-main/backend/services/state_store.py,_state_file,function,36,
web-main,projects/web-main/backend/services/state_store.py,_backup_file,function,40,
web-main,projects/web-main/backend/services/state_store.py,_lock_file,function,48,
web-main,projects/web-main/backend/services/state_store.py,_registry_lock,function,53,
web-main,projects/web-main/backend/services/state_store.py,atomic_cross_registry_lock,function,110,
web-main,projects/web-main/backend/services/state_store.py,_replace_with_retry,function,123,
web-main,projects/web-main/backend/services/state_store.py,load_registry,function,136,
web-main,projects/web-main/backend/services/state_store.py,_write_payload,function,149,
web-main,projects/web-main/backend/services/state_store.py,_load_payload_unlocked,function,200,
web-main,projects/web-main/backend/services/state_store.py,upsert_item,function,207,
web-main,projects/web-main/backend/services/state_store.py,upsert_items,function,215,
web-main,projects/web-main/backend/services/state_store.py,delete_item,function,228,
web-main,projects/web-main/backend/services/state_store.py,save_registry,function,234,
web-main,projects/web-main/backend/services/state_store.py,state_summary,function,247,
web-main,projects/web-main/backend/services/state_store.py,get_state_status,function,278,
web-main,projects/web-main/backend/services/state_store.py,restore_from_backup,function,282,
web-main,projects/web-main/backend/services/storage_service.py,_refresh_projects,function,23,
web-main,projects/web-main/backend/services/storage_service.py,_refresh_subjects,function,28,
web-main,projects/web-main/backend/services/storage_service.py,_refresh_eeg_files,function,33,
web-main,projects/web-main/backend/services/storage_service.py,_save_projects,function,38,
web-main,projects/web-main/backend/services/storage_service.py,_save_subjects,function,43,
web-main,projects/web-main/backend/services/storage_service.py,_save_eeg_files,function,48,
web-main,projects/web-main/backend/services/storage_service.py,_is_protected_teaching_project,function,53,
web-main,projects/web-main/backend/services/storage_service.py,_is_protected_teaching_file,function,64,
web-main,projects/web-main/backend/services/storage_service.py,_raise_teaching_protected,function,80,
web-main,projects/web-main/backend/services/storage_service.py,create_project,function,92,
web-main,projects/web-main/backend/services/storage_service.py,upsert_project,function,99,
web-main,projects/web-main/backend/services/storage_service.py,list_projects,function,105,
web-main,projects/web-main/backend/services/storage_service.py,get_project,function,110,
web-main,projects/web-main/backend/services/storage_service.py,update_project,function,143,
web-main,projects/web-main/backend/services/storage_service.py,archive_project,function,170,
web-main,projects/web-main/backend/services/storage_service.py,delete_project,function,191,
web-main,projects/web-main/backend/services/storage_service.py,create_subject,function,238,
web-main,projects/web-main/backend/services/storage_service.py,list_subjects,function,253,
web-main,projects/web-main/backend/services/storage_service.py,assert_subject_belongs_to_project,function,259,
web-main,projects/web-main/backend/services/storage_service.py,create_eeg_file,function,275,
web-main,projects/web-main/backend/services/storage_service.py,register_eeg_file,function,399,
web-main,projects/web-main/backend/services/storage_service.py,list_eeg_files,function,406,
web-main,projects/web-main/backend/services/storage_service.py,get_eeg_file,function,411,
web-main,projects/web-main/backend/services/storage_service.py,update_eeg_file_label,function,444,
web-main,projects/web-main/backend/services/storage_service.py,delete_eeg_file,function,454,
web-main,projects/web-main/backend/services/task_service.py,_refresh_tasks,function,245,
web-main,projects/web-main/backend/services/task_service.py,_refresh_artifacts,function,250,
web-main,projects/web-main/backend/services/task_service.py,_save_tasks,function,255,
web-main,projects/web-main/backend/services/task_service.py,_save_artifacts,function,260,
web-main,projects/web-main/backend/services/task_service.py,_artifact_file_metadata,function,265,
web-main,projects/web-main/backend/services/task_service.py,_artifact_policy_text,function,287,
web-main,projects/web-main/backend/services/task_service.py,value,function,288,
web-main,projects/web-main/backend/services/task_service.py,is_artifact_download_allowed,function,303,
web-main,projects/web-main/backend/services/task_service.py,is_task_artifact_delivery_ready,function,310,
web-main,projects/web-main/backend/services/task_service.py,assert_task_artifacts_deliverable,function,323,
web-main,projects/web-main/backend/services/task_service.py,assert_artifact_download_allowed,function,352,
web-main,projects/web-main/backend/services/task_service.py,_data_preparation_artifact_records,function,367,
web-main,projects/web-main/backend/services/task_service.py,_channel_name,function,393,
web-main,projects/web-main/backend/services/task_service.py,_segment_payload,function,402,
web-main,projects/web-main/backend/services/task_service.py,_merge_plan_into_task_parameters,function,424,
web-main,projects/web-main/backend/services/task_service.py,_canonical_json_hash,function,465,
web-main,projects/web-main/backend/services/task_service.py,_effective_idempotency_key,function,470,
web-main,projects/web-main/backend/services/task_service.py,_find_idempotent_task,function,483,
web-main,projects/web-main/backend/services/task_service.py,create_task,function,496,
web-main,projects/web-main/backend/services/task_service.py,get_task,function,882,
web-main,projects/web-main/backend/services/task_service.py,list_tasks,function,911,
web-main,projects/web-main/backend/services/task_service.py,list_task_artifacts,function,927,
web-main,projects/web-main/backend/services/task_service.py,get_artifact_download_descriptor,function,932,
web-main,projects/web-main/backend/services/task_service.py,_guess_mime,function,949,
web-main,projects/web-main/backend/services/teaching_data_service.py,list_teaching_demos,function,87,
web-main,projects/web-main/backend/services/teaching_data_service.py,get_teaching_demo,function,122,
web-main,projects/web-main/backend/services/teaching_data_service.py,ensure_teaching_project,function,164,
web-main,projects/web-main/backend/services/teaching_data_service.py,register_teaching_demo,function,196,
web-main,projects/web-main/backend/services/teaching_data_service.py,register_all_teaching_demos,function,279,
web-main,projects/web-main/backend/services/teaching_data_service.py,get_teaching_demo_path,function,335,
web-main,projects/web-main/backend/services/teaching_data_service.py,_sha256,function,367,
web-main,projects/web-main/backend/services/teaching_data_service.py,generate_teaching_demos,function,376,
web-main,projects/web-main/backend/services/waveform_chunk_service.py,get_waveform_chunk,function,21,
web-main,projects/web-main/backend/services/waveform_chunk_service.py,_get_waveform_chunk_cached,function,55,
web-main,projects/web-main/backend/services/waveform_chunk_service.py,_open_raw_cached,function,131,
web-main,projects/web-main/backend/services/waveform_chunk_service.py,_duration,function,135,
web-main,projects/web-main/backend/services/waveform_chunk_service.py,_validate_window,function,139,
web-main,projects/web-main/backend/services/waveform_chunk_service.py,_pick_channels,function,150,
web-main,projects/web-main/backend/services/waveform_chunk_service.py,_target_display_sfreq,function,166,
web-main,projects/web-main/backend/services/waveform_chunk_service.py,_sample_bucket,function,173,
web-main,projects/web-main/backend/services/waveform_chunk_service.py,_minmax_bucket,function,181,
web-main,projects/web-main/backend/services/waveform_chunk_service.py,_annotations,function,203,
web-main,projects/web-main/backend/services/waveform_chunk_service.py,_round_list,function,219,
web-main,projects/web-main/backend/services/waveform_chunk_service.py,_round_matrix,function,223,
web-main,projects/web-main/eeg_core/analysis/band_power.py,validate_band_power_parameters,function,45,
web-main,projects/web-main/eeg_core/analysis/band_power.py,run_band_power,function,64,
web-main,projects/web-main/eeg_core/analysis/band_power.py,_annotate_manifest,function,283,
web-main,projects/web-main/eeg_core/analysis/band_power.py,_normalize_band_definitions,function,289,
web-main,projects/web-main/eeg_core/analysis/band_power.py,_effective_bands_for_sampling,function,306,
web-main,projects/web-main/eeg_core/analysis/band_power.py,_compute_band_power_rows,function,363,
web-main,projects/web-main/eeg_core/analysis/band_power.py,_compute_channel_band_power_rows,function,388,
web-main,projects/web-main/eeg_core/analysis/band_power.py,_write_csv,function,399,
web-main,projects/web-main/eeg_core/analysis/band_power.py,_write_band_power_svg,function,406,
web-main,projects/web-main/eeg_core/analysis/band_power.py,_svg_frame,function,420,
web-main,projects/web-main/eeg_core/analysis/band_power.py,_band_power_table_dictionary,function,432,
web-main,projects/web-main/eeg_core/analysis/connectivity.py,describe_connectivity_scope,function,27,
web-main,projects/web-main/eeg_core/analysis/connectivity.py,run_connectivity,function,35,
web-main,projects/web-main/eeg_core/analysis/connectivity.py,validate_connectivity_parameters,function,187,
web-main,projects/web-main/eeg_core/analysis/connectivity.py,_compute_matrix,function,213,
web-main,projects/web-main/eeg_core/analysis/connectivity.py,_coherence_matrix,function,220,
web-main,projects/web-main/eeg_core/analysis/connectivity.py,_edge_rows,function,244,
web-main,projects/web-main/eeg_core/analysis/connectivity.py,_write_matrix_csv,function,258,
web-main,projects/web-main/eeg_core/analysis/connectivity.py,_write_csv,function,266,
web-main,projects/web-main/eeg_core/analysis/connectivity.py,_write_matrix_svg,function,273,
web-main,projects/web-main/eeg_core/analysis/connectivity.py,_write_network_svg,function,301,
web-main,projects/web-main/eeg_core/analysis/connectivity.py,_cell_color,function,331,
web-main,projects/web-main/eeg_core/analysis/connectivity.py,_warnings,function,339,
web-main,projects/web-main/eeg_core/analysis/connectivity.py,_table_dictionary,function,351,
web-main,projects/web-main/eeg_core/analysis/connectivity.py,_source_metadata,function,358,
web-main,projects/web-main/eeg_core/analysis/connectivity.py,_sha256_file,function,378,
web-main,projects/web-main/eeg_core/analysis/connectivity.py,_optional_float,function,386,
web-main,projects/web-main/eeg_core/analysis/connectivity.py,_optional_int,function,398,
web-main,projects/web-main/eeg_core/analysis/connectivity.py,_string_list,function,409,
web-main,projects/web-main/eeg_core/analysis/epilepsy.py,run_epilepsy,function,31,
web-main,projects/web-main/eeg_core/analysis/epilepsy.py,_validate_parameters,function,263,
web-main,projects/web-main/eeg_core/analysis/epilepsy.py,_select_eeg_channel,function,284,
web-main,projects/web-main/eeg_core/analysis/epilepsy.py,_compute_sliding_rms,function,300,
web-main,projects/web-main/eeg_core/analysis/epilepsy.py,_build_epoch_rows,function,305,
web-main,projects/web-main/eeg_core/analysis/epilepsy.py,_merge_event_epochs,function,341,
web-main,projects/web-main/eeg_core/analysis/epilepsy.py,_build_event_rows,function,364,
web-main,projects/web-main/eeg_core/analysis/epilepsy.py,_build_window_rows,function,393,
web-main,projects/web-main/eeg_core/analysis/epilepsy.py,_write_csv,function,423,
web-main,projects/web-main/eeg_core/analysis/epilepsy.py,_table_dictionary,function,430,
web-main,projects/web-main/eeg_core/analysis/epilepsy.py,_source_metadata,function,447,
web-main,projects/web-main/eeg_core/analysis/epilepsy.py,_positive_float,function,461,
web-main,projects/web-main/eeg_core/analysis/epilepsy.py,_non_negative_float,function,468,
web-main,projects/web-main/eeg_core/analysis/epilepsy.py,_positive_int,function,475,
web-main,projects/web-main/eeg_core/analysis/epilepsy.py,_non_negative_int,function,482,
web-main,projects/web-main/eeg_core/analysis/epilepsy.py,_string_list,function,489,
web-main,projects/web-main/eeg_core/analysis/epilepsy.py,_max_or_none,function,499,
web-main,projects/web-main/eeg_core/analysis/epilepsy_ml.py,run_epilepsy_ml,function,71,
web-main,projects/web-main/eeg_core/analysis/epilepsy_ml.py,run_epilepsy_ml_chunked,function,438,
web-main,projects/web-main/eeg_core/analysis/epilepsy_ml.py,_build_pc_compatible_spectrogram_payload,function,970,
web-main,projects/web-main/eeg_core/analysis/epilepsy_ml.py,_build_event_timeline_svg,function,1059,
web-main,projects/web-main/eeg_core/analysis/epilepsy_ml.py,_build_spectrogram_svg,function,1129,
web-main,projects/web-main/eeg_core/analysis/epilepsy_ml.py,_spectrogram_svg_color,function,1188,
web-main,projects/web-main/eeg_core/analysis/epilepsy_ml.py,compute_tkeo,function,1207,
web-main,projects/web-main/eeg_core/analysis/epilepsy_ml.py,_pyeeg_hjorth_mobility,function,1217,
web-main,projects/web-main/eeg_core/analysis/epilepsy_ml.py,_pyeeg_pfd,function,1232,
web-main,projects/web-main/eeg_core/analysis/epilepsy_ml.py,butter_bandpass,function,1246,
web-main,projects/web-main/eeg_core/analysis/epilepsy_ml.py,butter_bandpass_filter,function,1264,
web-main,projects/web-main/eeg_core/analysis/epilepsy_ml.py,_bandpower_for_epochs,function,1273,
web-main,projects/web-main/eeg_core/analysis/epilepsy_ml.py,extract_features_using_epochs,function,1283,
web-main,projects/web-main/eeg_core/analysis/epilepsy_ml.py,extract_features_using_epochs_chunked,function,1345,
web-main,projects/web-main/eeg_core/analysis/epilepsy_ml.py,build_chunk,function,1367,
web-main,projects/web-main/eeg_core/analysis/epilepsy_ml.py,_feature_matrix_diagnostics,function,1388,
web-main,projects/web-main/eeg_core/analysis/epilepsy_ml.py,detect_seizures_source_compatible,function,1401,
web-main,projects/web-main/eeg_core/analysis/epilepsy_ml.py,add_event,function,1424,
web-main,projects/web-main/eeg_core/analysis/epilepsy_ml.py,_validate_parameters,function,1474,
web-main,projects/web-main/eeg_core/analysis/epilepsy_ml.py,_validated_model_manifest,function,1504,
web-main,projects/web-main/eeg_core/analysis/epilepsy_ml.py,_model_info_for_epoch,function,1514,
web-main,projects/web-main/eeg_core/analysis/epilepsy_ml.py,_load_model_and_scaler,function,1522,
web-main,projects/web-main/eeg_core/analysis/epilepsy_ml.py,_build_processing_plan,function,1532,
web-main,projects/web-main/eeg_core/analysis/epilepsy_ml.py,_assert_file_hash,function,1565,
web-main,projects/web-main/eeg_core/analysis/epilepsy_ml.py,_select_eeg_channel,function,1578,
web-main,projects/web-main/eeg_core/analysis/epilepsy_ml.py,_selected_channel_data,function,1596,
web-main,projects/web-main/eeg_core/analysis/epilepsy_ml.py,_selected_channel_scale_warning,function,1604,
web-main,projects/web-main/eeg_core/analysis/epilepsy_ml.py,_measurement_timestamp,function,1629,
web-main,projects/web-main/eeg_core/analysis/epilepsy_ml.py,_build_epoch_rows,function,1638,
web-main,projects/web-main/eeg_core/analysis/epilepsy_ml.py,_build_window_rows,function,1671,
web-main,projects/web-main/eeg_core/analysis/epilepsy_ml.py,_write_csv,function,1707,
web-main,projects/web-main/eeg_core/analysis/epilepsy_ml.py,_write_array_csv,function,1714,
web-main,projects/web-main/eeg_core/analysis/epilepsy_ml.py,_table_dictionary,function,1722,
web-main,projects/web-main/eeg_core/analysis/epilepsy_ml.py,_source_metadata,function,1743,
web-main,projects/web-main/eeg_core/analysis/epilepsy_ml.py,_positive_float,function,1767,
web-main,projects/web-main/eeg_core/analysis/epilepsy_ml.py,_positive_int,function,1774,
web-main,projects/web-main/eeg_core/analysis/epilepsy_ml.py,_string_list,function,1781,
web-main,projects/web-main/eeg_core/analysis/erp.py,_normalize_roi_parameters,function,20,
web-main,projects/web-main/eeg_core/analysis/erp.py,resolve,function,25,
web-main,projects/web-main/eeg_core/analysis/erp.py,_summarize_drop_log,function,60,
web-main,projects/web-main/eeg_core/analysis/erp.py,_epoch_rejection_policy,function,77,
web-main,projects/web-main/eeg_core/analysis/erp.py,_channel_name,function,96,
web-main,projects/web-main/eeg_core/analysis/erp.py,_bad_segment_window,function,105,
web-main,projects/web-main/eeg_core/analysis/erp.py,_apply_data_preparation_directives,function,119,
web-main,projects/web-main/eeg_core/analysis/erp.py,run_erp,function,154,
web-main,projects/web-main/eeg_core/analysis/erp.py,_write_erp_waveform_svg,function,441,
web-main,projects/web-main/eeg_core/analysis/erp.py,x_pos,function,461,
web-main,projects/web-main/eeg_core/analysis/erp.py,y_pos,function,464,
web-main,projects/web-main/eeg_core/analysis/erp.py,_empty_erp_svg,function,500,
web-main,projects/web-main/eeg_core/analysis/multitaper_psd_tfr.py,describe_multitaper_scope,function,63,
web-main,projects/web-main/eeg_core/analysis/multitaper_psd_tfr.py,run_multitaper_psd_tfr,function,71,
web-main,projects/web-main/eeg_core/analysis/multitaper_psd_tfr.py,validate_multitaper_psd_tfr_parameters,function,265,
web-main,projects/web-main/eeg_core/analysis/multitaper_psd_tfr.py,_run_multitaper_psd,function,338,
web-main,projects/web-main/eeg_core/analysis/multitaper_psd_tfr.py,_select_analysis_eeg,function,407,
web-main,projects/web-main/eeg_core/analysis/multitaper_psd_tfr.py,_run_multitaper_tfr,function,417,
web-main,projects/web-main/eeg_core/analysis/multitaper_psd_tfr.py,_write_empty_tfr_outputs,function,563,
web-main,projects/web-main/eeg_core/analysis/multitaper_psd_tfr.py,_collect_warnings,function,617,
web-main,projects/web-main/eeg_core/analysis/multitaper_psd_tfr.py,_resolve_event_id,function,631,
web-main,projects/web-main/eeg_core/analysis/multitaper_psd_tfr.py,_n_cycles_for_compute,function,637,
web-main,projects/web-main/eeg_core/analysis/multitaper_psd_tfr.py,_table_dictionary,function,645,
web-main,projects/web-main/eeg_core/analysis/multitaper_psd_tfr.py,_source_metadata,function,654,
web-main,projects/web-main/eeg_core/analysis/multitaper_psd_tfr.py,_write_csv,function,671,
web-main,projects/web-main/eeg_core/analysis/multitaper_psd_tfr.py,_write_line_svg,function,681,
web-main,projects/web-main/eeg_core/analysis/multitaper_psd_tfr.py,scale_x,function,694,
web-main,projects/web-main/eeg_core/analysis/multitaper_psd_tfr.py,scale_y,function,697,
web-main,projects/web-main/eeg_core/analysis/multitaper_psd_tfr.py,_write_heatmap_svg,function,715,
web-main,projects/web-main/eeg_core/analysis/multitaper_psd_tfr.py,_write_text_svg,function,753,
web-main,projects/web-main/eeg_core/analysis/multitaper_psd_tfr.py,_escape_svg,function,766,
web-main,projects/web-main/eeg_core/analysis/multitaper_psd_tfr.py,_gradient_color,function,776,
web-main,projects/web-main/eeg_core/analysis/multitaper_psd_tfr.py,_float_pair,function,784,
web-main,projects/web-main/eeg_core/analysis/multitaper_psd_tfr.py,_float_list,function,792,
web-main,projects/web-main/eeg_core/analysis/multitaper_psd_tfr.py,_optional_float,function,801,
web-main,projects/web-main/eeg_core/analysis/multitaper_psd_tfr.py,_optional_int,function,810,
web-main,projects/web-main/eeg_core/analysis/multitaper_psd_tfr.py,_string_list,function,819,
web-main,projects/web-main/eeg_core/analysis/multitaper_psd_tfr.py,_n_cycles_value,function,827,
web-main,projects/web-main/eeg_core/analysis/pac.py,describe_pac_scope,function,44,
web-main,projects/web-main/eeg_core/analysis/pac.py,run_pac,function,52,
web-main,projects/web-main/eeg_core/analysis/pac.py,_write_bundle_zip,function,286,
web-main,projects/web-main/eeg_core/analysis/pac.py,validate_pac_parameters,function,314,
web-main,projects/web-main/eeg_core/analysis/pac.py,_comodulogram_rows,function,375,
web-main,projects/web-main/eeg_core/analysis/pac.py,_dynamic_rows,function,431,
web-main,projects/web-main/eeg_core/analysis/pac.py,_phase_signal,function,458,
web-main,projects/web-main/eeg_core/analysis/pac.py,_amplitude_envelope,function,463,
web-main,projects/web-main/eeg_core/analysis/pac.py,_tort_mi,function,468,
web-main,projects/web-main/eeg_core/analysis/pac.py,_surrogate_stats,function,498,
web-main,projects/web-main/eeg_core/analysis/pac.py,_summary_rows,function,517,
web-main,projects/web-main/eeg_core/analysis/pac.py,_write_csv,function,538,
web-main,projects/web-main/eeg_core/analysis/pac.py,_write_comod_svg,function,545,
web-main,projects/web-main/eeg_core/analysis/pac.py,_write_bins_svg,function,578,
web-main,projects/web-main/eeg_core/analysis/pac.py,_write_dynamic_svg,function,603,
web-main,projects/web-main/eeg_core/analysis/pac.py,_heat_color,function,629,
web-main,projects/web-main/eeg_core/analysis/pac.py,_bands_from_centers,function,637,
web-main,projects/web-main/eeg_core/analysis/pac.py,_table_dictionary,function,641,
web-main,projects/web-main/eeg_core/analysis/pac.py,_source_metadata,function,650,
web-main,projects/web-main/eeg_core/analysis/pac.py,_merge_pac_result_contract,function,665,
web-main,projects/web-main/eeg_core/analysis/pac.py,_optional_float,function,689,
web-main,projects/web-main/eeg_core/analysis/pac.py,_optional_int,function,701,
web-main,projects/web-main/eeg_core/analysis/pac.py,_number_list,function,712,
web-main,projects/web-main/eeg_core/analysis/pac.py,_string_list,function,730,
web-main,projects/web-main/eeg_core/analysis/pac_v2.py,run_pac_v2,function,57,
web-main,projects/web-main/eeg_core/analysis/pac_v2.py,_table_dictionary,function,312,
web-main,projects/web-main/eeg_core/analysis/pac_v2.py,_source_metadata,function,347,
web-main,projects/web-main/eeg_core/analysis/pac_v2.py,_validate_pac_v2_parameters,function,362,
web-main,projects/web-main/eeg_core/analysis/pac_v2.py,_compute_pac_v2,function,433,
web-main,projects/web-main/eeg_core/analysis/pac_v2.py,_extract_phase,function,499,
web-main,projects/web-main/eeg_core/analysis/pac_v2.py,_extract_amplitude_envelope,function,508,
web-main,projects/web-main/eeg_core/analysis/pac_v2.py,_compute_modulation_index,function,517,
web-main,projects/web-main/eeg_core/analysis/pac_v2.py,_compute_mean_vector_length,function,544,
web-main,projects/web-main/eeg_core/analysis/pac_v2.py,_compute_kl_divergence,function,557,
web-main,projects/web-main/eeg_core/analysis/pac_v2.py,_compute_surrogate_stats,function,586,
web-main,projects/web-main/eeg_core/analysis/pac_v2.py,_compute_channel_summary,function,627,
web-main,projects/web-main/eeg_core/analysis/pac_v2.py,_bands_from_centers,function,663,
web-main,projects/web-main/eeg_core/analysis/pac_v2.py,_write_csv,function,668,
web-main,projects/web-main/eeg_core/analysis/psd.py,validate_psd_parameters,function,49,
web-main,projects/web-main/eeg_core/analysis/psd.py,run_psd,function,108,
web-main,projects/web-main/eeg_core/analysis/psd.py,_apply_data_preparation_directives,function,326,
web-main,projects/web-main/eeg_core/analysis/psd.py,_build_source_metadata,function,355,
web-main,projects/web-main/eeg_core/analysis/psd.py,_psd_table_dictionary,function,379,
web-main,projects/web-main/eeg_core/analysis/psd.py,_sha256_file,function,412,
web-main,projects/web-main/eeg_core/analysis/psd.py,_normalize_bad_segment_window,function,420,
web-main,projects/web-main/eeg_core/analysis/psd.py,_compute_band_rows,function,433,
web-main,projects/web-main/eeg_core/analysis/psd.py,_compute_channel_band_rows,function,449,
web-main,projects/web-main/eeg_core/analysis/psd.py,_write_csv,function,460,
web-main,projects/web-main/eeg_core/analysis/psd.py,_write_spectrum_long_csv,function,467,
web-main,projects/web-main/eeg_core/analysis/psd.py,_optional_float,function,476,
web-main,projects/web-main/eeg_core/analysis/psd.py,_optional_int,function,488,
web-main,projects/web-main/eeg_core/analysis/psd.py,_string_list,function,502,
web-main,projects/web-main/eeg_core/analysis/psd.py,_object_list,function,510,
web-main,projects/web-main/eeg_core/analysis/psd.py,_write_mean_spectrum_svg,function,518,
web-main,projects/web-main/eeg_core/analysis/psd.py,_write_band_power_svg,function,532,
web-main,projects/web-main/eeg_core/analysis/psd.py,_svg_polyline_points,function,546,
web-main,projects/web-main/eeg_core/analysis/psd.py,_svg_frame,function,561,
web-main,projects/web-main/eeg_core/analysis/reference_csd.py,run_reference_csd,function,52,
web-main,projects/web-main/eeg_core/analysis/reference_csd.py,validate_reference_csd_parameters,function,244,
web-main,projects/web-main/eeg_core/analysis/reference_csd.py,_apply_transform,function,307,
web-main,projects/web-main/eeg_core/analysis/reference_csd.py,_apply_bad_directives,function,342,
web-main,projects/web-main/eeg_core/analysis/reference_csd.py,_write_before_after_svg,function,365,
web-main,projects/web-main/eeg_core/analysis/reference_csd.py,_series_points,function,401,
web-main,projects/web-main/eeg_core/analysis/reference_csd.py,_empty_svg,function,411,
web-main,projects/web-main/eeg_core/analysis/reference_csd.py,_has_montage,function,422,
web-main,projects/web-main/eeg_core/analysis/reference_csd.py,_reference_rows,function,430,
web-main,projects/web-main/eeg_core/analysis/reference_csd.py,_warnings,function,446,
web-main,projects/web-main/eeg_core/analysis/reference_csd.py,_lineage,function,455,
web-main,projects/web-main/eeg_core/analysis/reference_csd.py,_source_metadata,function,468,
web-main,projects/web-main/eeg_core/analysis/reference_csd.py,_table_dictionary,function,489,
web-main,projects/web-main/eeg_core/analysis/reference_csd.py,_effective_call_name,function,502,
web-main,projects/web-main/eeg_core/analysis/reference_csd.py,_effective_call_kwargs,function,510,
web-main,projects/web-main/eeg_core/analysis/reference_csd.py,_require_channels,function,522,
web-main,projects/web-main/eeg_core/analysis/reference_csd.py,_sha256_file,function,528,
web-main,projects/web-main/eeg_core/analysis/reference_csd.py,_write_csv,function,536,
web-main,projects/web-main/eeg_core/analysis/reference_csd.py,_optional_float,function,543,
web-main,projects/web-main/eeg_core/analysis/reference_csd.py,_optional_int,function,555,
web-main,projects/web-main/eeg_core/analysis/reference_csd.py,_string_list,function,566,
web-main,projects/web-main/eeg_core/analysis/reference_csd.py,_object_list,function,576,
web-main,projects/web-main/eeg_core/analysis/tfr.py,describe_tfr_scope,function,37,
web-main,projects/web-main/eeg_core/analysis/tfr.py,run_tfr,function,45,
web-main,projects/web-main/eeg_core/analysis/tfr.py,validate_tfr_parameters,function,247,
web-main,projects/web-main/eeg_core/analysis/tfr.py,_resolve_event_id,function,313,
web-main,projects/web-main/eeg_core/analysis/tfr.py,_power_rows,function,322,
web-main,projects/web-main/eeg_core/analysis/tfr.py,_itc_rows,function,340,
web-main,projects/web-main/eeg_core/analysis/tfr.py,_summary_rows,function,357,
web-main,projects/web-main/eeg_core/analysis/tfr.py,_write_csv,function,376,
web-main,projects/web-main/eeg_core/analysis/tfr.py,_write_heatmap_svg,function,383,
web-main,projects/web-main/eeg_core/analysis/tfr.py,_heat_color,function,421,
web-main,projects/web-main/eeg_core/analysis/tfr.py,_table_dictionary,function,430,
web-main,projects/web-main/eeg_core/analysis/tfr.py,_source_metadata,function,438,
web-main,projects/web-main/eeg_core/analysis/tfr.py,_float,function,449,
web-main,projects/web-main/eeg_core/analysis/tfr.py,_int,function,453,
web-main,projects/web-main/eeg_core/analysis/tfr.py,_bool,function,457,
web-main,projects/web-main/eeg_core/analysis/tfr.py,_float_list,function,465,
web-main,projects/web-main/eeg_core/analysis/tfr.py,_float_pair,function,480,
web-main,projects/web-main/eeg_core/analysis/tfr.py,_string_list,function,487,
web-main,projects/web-main/eeg_core/analysis/time_frequency.py,describe_time_frequency_scope,function,1,
web-main,projects/web-main/eeg_core/io/metadata.py,read_metadata,function,9,
web-main,projects/web-main/eeg_core/io/readers.py,resolve_reader,function,4,
web-main,projects/web-main/eeg_core/io/readers.py,read_raw,function,19,
web-main,projects/web-main/eeg_core/io/streaming_reader.py,StreamingEDFReader,class,25,
web-main,projects/web-main/eeg_core/io/streaming_reader.py,__init__,function,46,
web-main,projects/web-main/eeg_core/io/streaming_reader.py,iter_chunks,function,84,
web-main,projects/web-main/eeg_core/io/streaming_reader.py,get_chunk,function,149,
web-main,projects/web-main/eeg_core/io/streaming_reader.py,estimate_memory_usage,function,185,
web-main,projects/web-main/eeg_core/io/streaming_reader.py,__repr__,function,225,
web-main,projects/web-main/eeg_core/io/streaming_reader.py,iter_channel_chunks,function,234,
web-main,projects/web-main/eeg_core/preprocess/filter.py,build_filter_parameters,function,1,
web-main,projects/web-main/eeg_core/preprocess/qc_preview.py,QcPreviewError,class,36,
web-main,projects/web-main/eeg_core/preprocess/qc_preview.py,__init__,function,37,
web-main,projects/web-main/eeg_core/preprocess/qc_preview.py,run_qc_preview,function,44,
web-main,projects/web-main/eeg_core/preprocess/qc_preview.py,_merge_filter,function,293,
web-main,projects/web-main/eeg_core/preprocess/qc_preview.py,_duration,function,303,
web-main,projects/web-main/eeg_core/preprocess/qc_preview.py,_pick_channels,function,307,
web-main,projects/web-main/eeg_core/preprocess/qc_preview.py,_validate_window,function,326,
web-main,projects/web-main/eeg_core/preprocess/qc_preview.py,_display_sfreq,function,344,
web-main,projects/web-main/eeg_core/preprocess/qc_preview.py,_validate_filter,function,351,
web-main,projects/web-main/eeg_core/preprocess/qc_preview.py,_float_or_none,function,371,
web-main,projects/web-main/eeg_core/preprocess/qc_preview.py,_window_data,function,377,
web-main,projects/web-main/eeg_core/preprocess/qc_preview.py,_annotation_preview,function,389,
web-main,projects/web-main/eeg_core/preprocess/qc_preview.py,_round_list,function,403,
web-main,projects/web-main/eeg_core/preprocess/qc_preview.py,_round_matrix,function,407,
web-main,projects/web-main/eeg_core/preprocess/qc_preview.py,_write_json,function,413,
web-main,projects/web-main/eeg_core/preprocess/qc_preview.py,_write_svg,function,419,
web-main,projects/web-main/eeg_core/preprocess/qc_preview.py,_points,function,480,
web-main,projects/web-main/eeg_core/preprocess/qc_preview.py,_xml,function,488,
web-main,projects/web-main/eeg_core/preprocess/quality.py,summarize_quality,function,17,
web-main,projects/web-main/eeg_core/preprocess/quality.py,add,function,23,
web-main,projects/web-main/eeg_core/preprocess/quality.py,run_quality_check,function,65,
web-main,projects/web-main/eeg_core/preprocess/rereference.py,build_reference_parameters,function,1,
web-main,projects/web-main/eeg_core/preprocess/resample.py,build_resample_parameters,function,1,
web-main,projects/web-main/eeg_core/report/html_report.py,_html,function,17,
web-main,projects/web-main/eeg_core/report/html_report.py,_customer_title,function,21,
web-main,projects/web-main/eeg_core/report/html_report.py,_redact_customer_value,function,28,
web-main,projects/web-main/eeg_core/report/html_report.py,_json_preview,function,40,
web-main,projects/web-main/eeg_core/report/html_report.py,_read_json,function,48,
web-main,projects/web-main/eeg_core/report/html_report.py,readable_artifact_label,function,57,
web-main,projects/web-main/eeg_core/report/html_report.py,_task_table,function,88,
web-main,projects/web-main/eeg_core/report/html_report.py,_artifact_table,function,114,
web-main,projects/web-main/eeg_core/report/html_report.py,_summaries,function,147,
web-main,projects/web-main/eeg_core/report/html_report.py,_result_summary,function,172,
web-main,projects/web-main/eeg_core/report/html_report.py,write_html_report,function,194,
web-main,projects/web-main/eeg_core/report/method_text.py,build_method_text,function,1,
web-main,projects/web-main/eeg_core/report/pdf_report.py,write_pdf_report,function,14,
web-main,projects/web-main/eeg_core/report/pdf_report.py,_key_value_lines,function,125,
web-main,projects/web-main/eeg_core/report/pdf_report.py,_step_summary,function,132,
web-main,projects/web-main/eeg_core/report/pdf_report.py,_json_preview,function,142,
web-main,projects/web-main/eeg_core/report/pdf_report.py,_clean_text,function,149,
web-main,projects/web-main/eeg_core/report/reproducibility.py,_utc_now,function,21,
web-main,projects/web-main/eeg_core/report/reproducibility.py,collect_software_versions,function,25,
web-main,projects/web-main/eeg_core/report/reproducibility.py,write_json,function,40,
web-main,projects/web-main/eeg_core/report/reproducibility.py,stable_json_hash,function,47,
web-main,projects/web-main/eeg_core/report/reproducibility.py,write_reproducibility_files,function,52,
web-main,projects/web-main/eeg_core/report/reproducibility.py,write_output_contract,function,88,
web-main,projects/web-main/eeg_core/report/reproducibility.py,write_analysis_sidecars,function,136,
web-main,projects/web-main/eeg_core/report/reproducibility.py,build_result_contract,function,202,
web-main,projects/web-main/eeg_core/report/reproducibility.py,write_result_contract,function,252,
web-main,projects/web-main/eeg_core/report/reproducibility.py,write_run_log,function,256,
web-main,projects/web-main/eeg_core/report/reproducibility.py,build_manifest,function,266,
web-main,projects/web-main/eeg_core/report/reproducibility.py,write_manifest,function,287,
web-main,projects/web-main/eeg_core/report/reproducibility.py,_build_default_log_lines,function,292,
web-main,projects/web-main/eeg_core/report/reproducibility.py,_contract_references,function,318,
web-main,projects/web-main/eeg_core/report/reproducibility.py,_extract_metrics,function,339,
web-main,projects/web-main/eeg_core/report/reproducibility.py,_extract_warnings,function,355,
web-main,projects/web-main/eeg_core/report/reproducibility.py,_extract_errors,function,370,
web-main,projects/web-main/eeg_core/report/reproducibility.py,_file_entry,function,379,
web-main,projects/web-main/eeg_core/report/reproducibility.py,_relative_path,function,392,
web-main,projects/web-main/eeg_core/report/reproducibility.py,_sha256,function,399,
web-main,projects/web-main/eeg_core/report/reproducibility.py,_infer_file_type,function,407,
web-main,projects/web-main/eeg_core/report/reproducibility.py,_infer_label,function,423,
web-main,projects/web-main/eeg_core/report/reproducibility.py,_guess_mime_type,function,429,
web-main,projects/web-main/eeg_core/report/reproducibility.py,_is_json_scalar,function,441,
web-main,projects/web-main/eeg_core/report/reproducibility.py,_is_json_scalar_list,function,445,
web-main,projects/web-main/eeg_core/report/reproducibility.py,_normalize_for_log,function,449,
web-main,projects/web-main/eeg_core/stats/group_level.py,summarize_group_level,function,1,
web-main,projects/web-main/eeg_core/stats/subject_level.py,summarize_subject_level,function,1,
web-main,projects/web-main/eeg_core/workflow/runner.py,describe_workflow,function,4,
web-main,projects/web-main/eeg_core/workflow/schema.py,WorkflowStep,class,4,
web-main,projects/web-main/eeg_core/workflow/schema.py,WorkflowSpec,class,10,
web-main,projects/web-main/scripts/acceptance_07a_review_system_packet.py,main,function,63,
web-main,projects/web-main/scripts/acceptance_aliyun_storage_contract.py,BytesUpload,class,21,
web-main,projects/web-main/scripts/acceptance_aliyun_storage_contract.py,__init__,function,22,
web-main,projects/web-main/scripts/acceptance_aliyun_storage_contract.py,read,function,29,
web-main,projects/web-main/scripts/acceptance_aliyun_storage_contract.py,utc_stamp,function,41,
web-main,projects/web-main/scripts/acceptance_aliyun_storage_contract.py,sha256_bytes,function,45,
web-main,projects/web-main/scripts/acceptance_aliyun_storage_contract.py,write_json,function,49,
web-main,projects/web-main/scripts/acceptance_aliyun_storage_contract.py,add_check,function,54,
web-main,projects/web-main/scripts/acceptance_aliyun_storage_contract.py,aliyun_prerequisites,function,66,
web-main,projects/web-main/scripts/acceptance_aliyun_storage_contract.py,reload_storage,function,82,
web-main,projects/web-main/scripts/acceptance_aliyun_storage_contract.py,run_boundary_smoke,function,95,
web-main,projects/web-main/scripts/acceptance_aliyun_storage_contract.py,summarize,function,222,
web-main,projects/web-main/scripts/acceptance_aliyun_storage_contract.py,parse_args,function,230,
web-main,projects/web-main/scripts/acceptance_aliyun_storage_contract.py,main,function,238,
web-main,projects/web-main/scripts/acceptance_aliyun_v1_contracts.py,ChunkedUpload,class,14,
web-main,projects/web-main/scripts/acceptance_aliyun_v1_contracts.py,__init__,function,15,
web-main,projects/web-main/scripts/acceptance_aliyun_v1_contracts.py,read,function,23,
web-main,projects/web-main/scripts/acceptance_aliyun_v1_contracts.py,main,function,34,
web-main,projects/web-main/scripts/acceptance_aliyun_v1_contracts.py,fake_qc_runner,function,83,
web-main,projects/web-main/scripts/acceptance_analysis_module_contract.py,missing_phrases,function,46,
web-main,projects/web-main/scripts/acceptance_analysis_module_contract.py,main,function,50,
web-main,projects/web-main/scripts/acceptance_analysis_workflow_framework.py,utc_now,function,44,
web-main,projects/web-main/scripts/acceptance_analysis_workflow_framework.py,main,function,48,
web-main,projects/web-main/scripts/acceptance_audit_quota_contract.py,main,function,13,
web-main,projects/web-main/scripts/acceptance_backend_security_p1_guards.py,BytesUpload,class,22,
web-main,projects/web-main/scripts/acceptance_backend_security_p1_guards.py,__init__,function,23,
web-main,projects/web-main/scripts/acceptance_backend_security_p1_guards.py,read,function,27,
web-main,projects/web-main/scripts/acceptance_backend_security_p1_guards.py,require,function,31,
web-main,projects/web-main/scripts/acceptance_backend_security_p1_guards.py,expect_http,function,36,
web-main,projects/web-main/scripts/acceptance_backend_security_p1_guards.py,contains_absolute_path,function,48,
web-main,projects/web-main/scripts/acceptance_backend_security_p1_guards.py,assert_public_response_safe,function,53,
web-main,projects/web-main/scripts/acceptance_backend_security_p1_guards.py,restore_env,function,60,
web-main,projects/web-main/scripts/acceptance_backend_security_p1_guards.py,assert_lab_edf_reviewer_gate,function,68,
web-main,projects/web-main/scripts/acceptance_backend_security_p1_guards.py,load_isolated_invoice_modules,function,105,
web-main,projects/web-main/scripts/acceptance_backend_security_p1_guards.py,assert_invoice_and_inbox_guards,function,124,
web-main,projects/web-main/scripts/acceptance_backend_security_p1_guards.py,main,function,236,
web-main,projects/web-main/scripts/acceptance_backup_restore_drill.py,utc_stamp,function,24,
web-main,projects/web-main/scripts/acceptance_backup_restore_drill.py,sha256_file,function,28,
web-main,projects/web-main/scripts/acceptance_backup_restore_drill.py,write_json,function,36,
web-main,projects/web-main/scripts/acceptance_backup_restore_drill.py,add_check,function,41,
web-main,projects/web-main/scripts/acceptance_backup_restore_drill.py,copy_tree_contents,function,45,
web-main,projects/web-main/scripts/acceptance_backup_restore_drill.py,manifest_for,function,58,
web-main,projects/web-main/scripts/acceptance_backup_restore_drill.py,manifest_index,function,72,
web-main,projects/web-main/scripts/acceptance_backup_restore_drill.py,reload_state_store,function,76,
web-main,projects/web-main/scripts/acceptance_backup_restore_drill.py,seed_source_state,function,83,
web-main,projects/web-main/scripts/acceptance_backup_restore_drill.py,export_backup,function,174,
web-main,projects/web-main/scripts/acceptance_backup_restore_drill.py,restore_backup,function,186,
web-main,projects/web-main/scripts/acceptance_backup_restore_drill.py,verify_restored_state,function,191,
web-main,projects/web-main/scripts/acceptance_backup_restore_drill.py,run_local_drill,function,211,
web-main,projects/web-main/scripts/acceptance_backup_restore_drill.py,summarize,function,274,
web-main,projects/web-main/scripts/acceptance_backup_restore_drill.py,parse_args,function,282,
web-main,projects/web-main/scripts/acceptance_backup_restore_drill.py,main,function,290,
web-main,projects/web-main/scripts/acceptance_band_power_backend.py,assert_ok,function,21,
web-main,projects/web-main/scripts/acceptance_band_power_backend.py,read_json,function,26,
web-main,projects/web-main/scripts/acceptance_band_power_backend.py,read_csv_rows,function,30,
web-main,projects/web-main/scripts/acceptance_band_power_backend.py,make_low_sfreq_fixture,function,35,
web-main,projects/web-main/scripts/acceptance_band_power_backend.py,main,function,52,
web-main,projects/web-main/scripts/acceptance_checkpoint_packet_access.py,get_alias,function,22,
web-main,projects/web-main/scripts/acceptance_checkpoint_packet_access.py,load_json,function,26,
web-main,projects/web-main/scripts/acceptance_checkpoint_packet_access.py,declares_no_account,function,30,
web-main,projects/web-main/scripts/acceptance_checkpoint_packet_access.py,validate_payload,function,45,
web-main,projects/web-main/scripts/acceptance_checkpoint_packet_access.py,main,function,75,
web-main,projects/web-main/scripts/acceptance_connectivity_module.py,_assert_file,function,24,
web-main,projects/web-main/scripts/acceptance_connectivity_module.py,main,function,29,
web-main,projects/web-main/scripts/acceptance_cro_traceability_contract.py,missing,function,51,
web-main,projects/web-main/scripts/acceptance_cro_traceability_contract.py,main,function,55,
web-main,projects/web-main/scripts/acceptance_csd_dual_path_current_slice.py,read_json,function,28,
web-main,projects/web-main/scripts/acceptance_csd_dual_path_current_slice.py,assert_file,function,32,
web-main,projects/web-main/scripts/acceptance_csd_dual_path_current_slice.py,raw_without_montage,function,37,
web-main,projects/web-main/scripts/acceptance_csd_dual_path_current_slice.py,main,function,48,
web-main,projects/web-main/scripts/acceptance_customer_api_no_internal_paths.py,require,function,59,
web-main,projects/web-main/scripts/acceptance_customer_api_no_internal_paths.py,_login,function,64,
web-main,projects/web-main/scripts/acceptance_customer_api_no_internal_paths.py,_make_fixture,function,74,
web-main,projects/web-main/scripts/acceptance_customer_api_no_internal_paths.py,_json,function,80,
web-main,projects/web-main/scripts/acceptance_customer_api_no_internal_paths.py,_scan_public_payload,function,85,
web-main,projects/web-main/scripts/acceptance_customer_api_no_internal_paths.py,walk,function,88,
web-main,projects/web-main/scripts/acceptance_customer_api_no_internal_paths.py,_assert_clean,function,110,
web-main,projects/web-main/scripts/acceptance_customer_api_no_internal_paths.py,_assert_download_clean,function,114,
web-main,projects/web-main/scripts/acceptance_customer_api_no_internal_paths.py,_create_customer_source,function,123,
web-main,projects/web-main/scripts/acceptance_customer_api_no_internal_paths.py,main,function,146,
web-main,projects/web-main/scripts/acceptance_data_prep_task_billing_guards.py,_expect_http,function,20,
web-main,projects/web-main/scripts/acceptance_data_prep_task_billing_guards.py,_load_count,function,30,
web-main,projects/web-main/scripts/acceptance_data_prep_task_billing_guards.py,_payload_count,function,34,
web-main,projects/web-main/scripts/acceptance_data_prep_task_billing_guards.py,main,function,38,
web-main,projects/web-main/scripts/acceptance_data_prep_task_billing_guards.py,fake_psd_runner,function,291,
web-main,projects/web-main/scripts/acceptance_data_prep_task_billing_guards.py,failing_charge,function,392,
web-main,projects/web-main/scripts/acceptance_data_prep_task_billing_guards.py,tasks_api.router,router-registration,455,
web-main,projects/web-main/scripts/acceptance_data_prep_task_billing_guards.py,projects_api.router,router-registration,456,
web-main,projects/web-main/scripts/acceptance_data_preparation_api.py,main,function,13,
web-main,projects/web-main/scripts/acceptance_data_preparation_plan.py,main,function,15,
web-main,projects/web-main/scripts/acceptance_data_preparation_plan.py,fake_qc_runner,function,156,
web-main,projects/web-main/scripts/acceptance_data_preparation_plan.py,fake_psd_runner,function,180,
web-main,projects/web-main/scripts/acceptance_data_preparation_plan.py,fake_erp_runner,function,219,
web-main,projects/web-main/scripts/acceptance_data_preparation_plan.py,fake_multitaper_runner,function,258,
web-main,projects/web-main/scripts/acceptance_data_preparation_plan.py,fake_connectivity_runner,function,296,
web-main,projects/web-main/scripts/acceptance_delivery_policy_guards.py,_write_text,function,27,
web-main,projects/web-main/scripts/acceptance_delivery_policy_guards.py,_write_json,function,32,
web-main,projects/web-main/scripts/acceptance_delivery_policy_guards.py,_expect_http,function,36,
web-main,projects/web-main/scripts/acceptance_delivery_policy_guards.py,_assert_public_lab_demo_policy,function,46,
web-main,projects/web-main/scripts/acceptance_delivery_policy_guards.py,_charge_preview,function,74,
web-main,projects/web-main/scripts/acceptance_delivery_policy_guards.py,_seed_posted_charge,function,81,
web-main,projects/web-main/scripts/acceptance_delivery_policy_guards.py,_seed_report_task,function,98,
web-main,projects/web-main/scripts/acceptance_delivery_policy_guards.py,main,function,142,
web-main,projects/web-main/scripts/acceptance_delivery_policy_guards.py,tasks_api.router,router-registration,263,
web-main,projects/web-main/scripts/acceptance_delivery_policy_guards.py,projects_api.router,router-registration,264,
web-main,projects/web-main/scripts/acceptance_epilepsy_cloud_trial_upload_contract.py,ensure_fixture,function,21,
web-main,projects/web-main/scripts/acceptance_epilepsy_cloud_trial_upload_contract.py,main,function,29,
web-main,projects/web-main/scripts/acceptance_epilepsy_cloud_trial_upload_to_export.py,ensure_fixture,function,23,
web-main,projects/web-main/scripts/acceptance_epilepsy_cloud_trial_upload_to_export.py,rows_from_artifact,function,33,
web-main,projects/web-main/scripts/acceptance_epilepsy_cloud_trial_upload_to_export.py,stage_code_from_rows,function,43,
web-main,projects/web-main/scripts/acceptance_epilepsy_cloud_trial_upload_to_export.py,main,function,47,
web-main,projects/web-main/scripts/acceptance_epilepsy_ml_feature_contract.py,assert_true,function,22,
web-main,projects/web-main/scripts/acceptance_epilepsy_ml_feature_contract.py,main,function,27,
web-main,projects/web-main/scripts/acceptance_epilepsy_ml_fixture_run.py,main,function,17,
web-main,projects/web-main/scripts/acceptance_epilepsy_ml_model_smoke.py,main,function,23,
web-main,projects/web-main/scripts/acceptance_epilepsy_workbench_api_contract.py,now_run_id,function,21,
web-main,projects/web-main/scripts/acceptance_epilepsy_workbench_api_contract.py,assert_ok,function,25,
web-main,projects/web-main/scripts/acceptance_epilepsy_workbench_api_contract.py,request_json,function,30,
web-main,projects/web-main/scripts/acceptance_epilepsy_workbench_api_contract.py,main,function,44,
web-main,projects/web-main/scripts/acceptance_epilepsy_workbench_api_contract.py,record,function,58,
web-main,projects/web-main/scripts/acceptance_formal_task_rejects_teaching_input.py,_login,function,32,
web-main,projects/web-main/scripts/acceptance_formal_task_rejects_teaching_input.py,_make_fixture,function,42,
web-main,projects/web-main/scripts/acceptance_formal_task_rejects_teaching_input.py,_post_task,function,48,
web-main,projects/web-main/scripts/acceptance_formal_task_rejects_teaching_input.py,_registry_ids,function,62,
web-main,projects/web-main/scripts/acceptance_formal_task_rejects_teaching_input.py,_registry_delta,function,73,
web-main,projects/web-main/scripts/acceptance_formal_task_rejects_teaching_input.py,_create_formal_uploaded_psd,function,77,
web-main,projects/web-main/scripts/acceptance_formal_task_rejects_teaching_input.py,main,function,130,
web-main,projects/web-main/scripts/acceptance_lab_demo_backend.py,require,function,14,
web-main,projects/web-main/scripts/acceptance_lab_demo_backend.py,main,function,19,
web-main,projects/web-main/scripts/acceptance_lab_epilepsy_full_flow_api.py,AcceptanceFailure,class,54,
web-main,projects/web-main/scripts/acceptance_lab_epilepsy_full_flow_api.py,now_run_id,function,58,
web-main,projects/web-main/scripts/acceptance_lab_epilepsy_full_flow_api.py,normalize_api_base,function,62,
web-main,projects/web-main/scripts/acceptance_lab_epilepsy_full_flow_api.py,root_url,function,66,
web-main,projects/web-main/scripts/acceptance_lab_epilepsy_full_flow_api.py,assert_ok,function,70,
web-main,projects/web-main/scripts/acceptance_lab_epilepsy_full_flow_api.py,request_json,function,75,
web-main,projects/web-main/scripts/acceptance_lab_epilepsy_full_flow_api.py,request_json_error,function,109,
web-main,projects/web-main/scripts/acceptance_lab_epilepsy_full_flow_api.py,get_openapi,function,142,
web-main,projects/web-main/scripts/acceptance_lab_epilepsy_full_flow_api.py,validate_lab_openapi,function,159,
web-main,projects/web-main/scripts/acceptance_lab_epilepsy_full_flow_api.py,write_step,function,174,
web-main,projects/web-main/scripts/acceptance_lab_epilepsy_full_flow_api.py,number_or,function,181,
web-main,projects/web-main/scripts/acceptance_lab_epilepsy_full_flow_api.py,safe_channels,function,189,
web-main,projects/web-main/scripts/acceptance_lab_epilepsy_full_flow_api.py,assert_waveform_contract,function,197,
web-main,projects/web-main/scripts/acceptance_lab_epilepsy_full_flow_api.py,event_status_for_index,function,214,
web-main,projects/web-main/scripts/acceptance_lab_epilepsy_full_flow_api.py,normalize_event,function,224,
web-main,projects/web-main/scripts/acceptance_lab_epilepsy_full_flow_api.py,build_review_payload,function,276,
web-main,projects/web-main/scripts/acceptance_lab_epilepsy_full_flow_api.py,scan_customer_text,function,350,
web-main,projects/web-main/scripts/acceptance_lab_epilepsy_full_flow_api.py,run_acceptance,function,365,
web-main,projects/web-main/scripts/acceptance_lab_epilepsy_full_flow_api.py,record,function,381,
web-main,projects/web-main/scripts/acceptance_lab_epilepsy_full_flow_api.py,main,function,617,
web-main,projects/web-main/scripts/acceptance_lab_preview_delivery_boundary.py,expect_http,function,17,
web-main,projects/web-main/scripts/acceptance_lab_preview_delivery_boundary.py,main,function,30,
web-main,projects/web-main/scripts/acceptance_lab_preview_delivery_boundary.py,fake_psd_runner,function,141,
web-main,projects/web-main/scripts/acceptance_large_uploads.py,ChunkedUpload,class,15,
web-main,projects/web-main/scripts/acceptance_large_uploads.py,__init__,function,16,
web-main,projects/web-main/scripts/acceptance_large_uploads.py,read,function,24,
web-main,projects/web-main/scripts/acceptance_large_uploads.py,_reload_for_isolated_state,function,35,
web-main,projects/web-main/scripts/acceptance_large_uploads.py,main,function,51,
web-main,projects/web-main/scripts/acceptance_mainline_eeg_contract_mapping_consumption.py,load_json,function,30,
web-main,projects/web-main/scripts/acceptance_mainline_eeg_contract_mapping_consumption.py,ensure,function,34,
web-main,projects/web-main/scripts/acceptance_mainline_eeg_contract_mapping_consumption.py,main,function,39,
web-main,projects/web-main/scripts/acceptance_mainline_eeg_review_bridge.py,load_json,function,25,
web-main,projects/web-main/scripts/acceptance_mainline_eeg_review_bridge.py,latest_checkpoint,function,29,
web-main,projects/web-main/scripts/acceptance_mainline_eeg_review_bridge.py,require_path,function,39,
web-main,projects/web-main/scripts/acceptance_mainline_eeg_review_bridge.py,validate_review_access,function,44,
web-main,projects/web-main/scripts/acceptance_mainline_eeg_review_bridge.py,screenshot_records,function,66,
web-main,projects/web-main/scripts/acceptance_mainline_eeg_review_bridge.py,validate_checkpoint,function,72,
web-main,projects/web-main/scripts/acceptance_mainline_eeg_review_bridge.py,main,function,151,
web-main,projects/web-main/scripts/acceptance_module_contract_registry.py,main,function,12,
web-main,projects/web-main/scripts/acceptance_module_lab_all_scope_evidence.py,main,function,36,
web-main,projects/web-main/scripts/acceptance_module_lab_preview_selectors.py,main,function,23,
web-main,projects/web-main/scripts/acceptance_module_virtual_review_objects.py,main,function,17,
web-main,projects/web-main/scripts/acceptance_module_virtual_review_objects.py,_module_ids_from_interactions,function,70,
web-main,projects/web-main/scripts/acceptance_multitaper_psd_tfr_module.py,_assert_file,function,29,
web-main,projects/web-main/scripts/acceptance_multitaper_psd_tfr_module.py,_read_csv_rows,function,34,
web-main,projects/web-main/scripts/acceptance_multitaper_psd_tfr_module.py,main,function,39,
web-main,projects/web-main/scripts/acceptance_ops_billing_invoice.py,require,function,22,
web-main,projects/web-main/scripts/acceptance_ops_billing_invoice.py,auth_headers,function,27,
web-main,projects/web-main/scripts/acceptance_ops_billing_invoice.py,post_json,function,31,
web-main,projects/web-main/scripts/acceptance_ops_billing_invoice.py,write_evidence,function,37,
web-main,projects/web-main/scripts/acceptance_ops_billing_invoice.py,main,function,44,
web-main,projects/web-main/scripts/acceptance_owner_decision_packet.py,main,function,58,
web-main,projects/web-main/scripts/acceptance_owner_input_checklist.py,main,function,26,
web-main,projects/web-main/scripts/acceptance_p0_fixture_validator_contract.py,main,function,17,
web-main,projects/web-main/scripts/acceptance_p0_gap_repair_contract.py,load_json,function,14,
web-main,projects/web-main/scripts/acceptance_p0_gap_repair_contract.py,main,function,18,
web-main,projects/web-main/scripts/acceptance_p0_ui_only_runner_contract.py,check,function,19,
web-main,projects/web-main/scripts/acceptance_p0_ui_only_runner_contract.py,load_evidence,function,26,
web-main,projects/web-main/scripts/acceptance_p0_ui_only_runner_contract.py,validate_zip,function,32,
web-main,projects/web-main/scripts/acceptance_p0_ui_only_runner_contract.py,run_boundary_validators,function,49,
web-main,projects/web-main/scripts/acceptance_p0_ui_only_runner_contract.py,read_vr_eo_product_gate,function,125,
web-main,projects/web-main/scripts/acceptance_p0_ui_only_runner_contract.py,main,function,155,
web-main,projects/web-main/scripts/acceptance_pac_beta_contract.py,run,function,16,
web-main,projects/web-main/scripts/acceptance_pac_beta_contract.py,main,function,26,
web-main,projects/web-main/scripts/acceptance_pac_module.py,_assert_file,function,24,
web-main,projects/web-main/scripts/acceptance_pac_module.py,main,function,29,
web-main,projects/web-main/scripts/acceptance_pac_v2_contract.py,_read_json,function,22,
web-main,projects/web-main/scripts/acceptance_pac_v2_contract.py,_assert_file,function,26,
web-main,projects/web-main/scripts/acceptance_pac_v2_contract.py,main,function,31,
web-main,projects/web-main/scripts/acceptance_pdf_ocr_artifact_qa.py,utc_now,function,32,
web-main,projects/web-main/scripts/acceptance_pdf_ocr_artifact_qa.py,status,function,36,
web-main,projects/web-main/scripts/acceptance_pdf_ocr_artifact_qa.py,load_report_zip,function,43,
web-main,projects/web-main/scripts/acceptance_pdf_ocr_artifact_qa.py,read_zip_member,function,61,
web-main,projects/web-main/scripts/acceptance_pdf_ocr_artifact_qa.py,render_pdf_pages,function,67,
web-main,projects/web-main/scripts/acceptance_pdf_ocr_artifact_qa.py,native_text_audit,function,83,
web-main,projects/web-main/scripts/acceptance_pdf_ocr_artifact_qa.py,run_paddle_ocr,function,131,
web-main,projects/web-main/scripts/acceptance_pdf_ocr_artifact_qa.py,has_forbidden_claim,function,172,
web-main,projects/web-main/scripts/acceptance_pdf_ocr_artifact_qa.py,text_has_any,function,199,
web-main,projects/web-main/scripts/acceptance_pdf_ocr_artifact_qa.py,compare_key_terms,function,204,
web-main,projects/web-main/scripts/acceptance_pdf_ocr_artifact_qa.py,build_checks,function,223,
web-main,projects/web-main/scripts/acceptance_pdf_ocr_artifact_qa.py,main,function,318,
web-main,projects/web-main/scripts/acceptance_production_goal_matrix.py,utc_now,function,109,
web-main,projects/web-main/scripts/acceptance_production_goal_matrix.py,read_json,function,113,
web-main,projects/web-main/scripts/acceptance_production_goal_matrix.py,read_text,function,119,
web-main,projects/web-main/scripts/acceptance_production_goal_matrix.py,latest_json,function,125,
web-main,projects/web-main/scripts/acceptance_production_goal_matrix.py,exists,function,134,
web-main,projects/web-main/scripts/acceptance_production_goal_matrix.py,count_requests,function,138,
web-main,projects/web-main/scripts/acceptance_production_goal_matrix.py,has_browser_auth_request,function,146,
web-main,projects/web-main/scripts/acceptance_production_goal_matrix.py,ops_ui_invoice_closed_loop,function,158,
web-main,projects/web-main/scripts/acceptance_production_goal_matrix.py,row,function,174,
web-main,projects/web-main/scripts/acceptance_production_goal_matrix.py,main,function,192,
web-main,projects/web-main/scripts/acceptance_production_goal_matrix.py,render_markdown,function,705,
web-main,projects/web-main/scripts/acceptance_professional_chinese_gate.py,decode_utf8,function,49,
web-main,projects/web-main/scripts/acceptance_professional_chinese_gate.py,load_p0_report_bundle,function,61,
web-main,projects/web-main/scripts/acceptance_professional_chinese_gate.py,zip_member_text,function,80,
web-main,projects/web-main/scripts/acceptance_professional_chinese_gate.py,extract_pdf_text,function,86,
web-main,projects/web-main/scripts/acceptance_professional_chinese_gate.py,collect_report_text,function,99,
web-main,projects/web-main/scripts/acceptance_professional_chinese_gate.py,find_pattern_hits,function,114,
web-main,projects/web-main/scripts/acceptance_professional_chinese_gate.py,find_forbidden_boundary_hits,function,133,
web-main,projects/web-main/scripts/acceptance_professional_chinese_gate.py,check_boundary_present,function,170,
web-main,projects/web-main/scripts/acceptance_professional_chinese_gate.py,main,function,184,
web-main,projects/web-main/scripts/acceptance_project_data_preparation_ia.py,between,function,13,
web-main,projects/web-main/scripts/acceptance_project_data_preparation_ia.py,main,function,19,
web-main,projects/web-main/scripts/acceptance_project_data_preparation_ia.py,check,function,27,
web-main,projects/web-main/scripts/acceptance_psd_p0.py,require,function,17,
web-main,projects/web-main/scripts/acceptance_psd_p0.py,make_alpha_raw,function,22,
web-main,projects/web-main/scripts/acceptance_psd_p0.py,read_csv_rows,function,34,
web-main,projects/web-main/scripts/acceptance_psd_p0.py,main,function,39,
web-main,projects/web-main/scripts/acceptance_psd_real_report_consumption.py,status,function,18,
web-main,projects/web-main/scripts/acceptance_psd_real_report_consumption.py,load_json_from_zip,function,25,
web-main,projects/web-main/scripts/acceptance_psd_real_report_consumption.py,load_text_from_zip,function,29,
web-main,projects/web-main/scripts/acceptance_psd_real_report_consumption.py,read_csv_rows,function,33,
web-main,projects/web-main/scripts/acceptance_psd_real_report_consumption.py,find_psd_prefix,function,37,
web-main,projects/web-main/scripts/acceptance_psd_real_report_consumption.py,has_unsupported_claim,function,50,
web-main,projects/web-main/scripts/acceptance_psd_real_report_consumption.py,as_float,function,63,
web-main,projects/web-main/scripts/acceptance_psd_real_report_consumption.py,main,function,70,
web-main,projects/web-main/scripts/acceptance_qc_preview_service.py,build_sample,function,17,
web-main,projects/web-main/scripts/acceptance_qc_preview_service.py,assert_true,function,34,
web-main,projects/web-main/scripts/acceptance_qc_preview_service.py,main,function,39,
web-main,projects/web-main/scripts/acceptance_qc_real_report_consumption.py,status,function,16,
web-main,projects/web-main/scripts/acceptance_qc_real_report_consumption.py,load_json_from_zip,function,23,
web-main,projects/web-main/scripts/acceptance_qc_real_report_consumption.py,load_text_from_zip,function,27,
web-main,projects/web-main/scripts/acceptance_qc_real_report_consumption.py,has_forbidden_claim,function,31,
web-main,projects/web-main/scripts/acceptance_qc_real_report_consumption.py,main,function,66,
web-main,projects/web-main/scripts/acceptance_reference_csd_module.py,_assert_file,function,24,
web-main,projects/web-main/scripts/acceptance_reference_csd_module.py,main,function,29,
web-main,projects/web-main/scripts/acceptance_release_gate_summary.py,main,function,12,
web-main,projects/web-main/scripts/acceptance_release_manifest_consistency.py,main,function,46,
web-main,projects/web-main/scripts/acceptance_release_no_misclaim.py,preflight_is_blocked,function,43,
web-main,projects/web-main/scripts/acceptance_release_no_misclaim.py,scan_file,function,49,
web-main,projects/web-main/scripts/acceptance_release_no_misclaim.py,main,function,66,
web-main,projects/web-main/scripts/acceptance_release_review_gate_steps.py,main,function,55,
web-main,projects/web-main/scripts/acceptance_report_artifact_label_readability.py,load_json,function,29,
web-main,projects/web-main/scripts/acceptance_report_artifact_label_readability.py,latest_report_zip,function,33,
web-main,projects/web-main/scripts/acceptance_report_artifact_label_readability.py,raw_hits,function,41,
web-main,projects/web-main/scripts/acceptance_report_artifact_label_readability.py,main,function,46,
web-main,projects/web-main/scripts/acceptance_report_module_delivery_chain.py,_write_text,function,39,
web-main,projects/web-main/scripts/acceptance_report_module_delivery_chain.py,_write_json,function,44,
web-main,projects/web-main/scripts/acceptance_report_module_delivery_chain.py,_charge_preview,function,48,
web-main,projects/web-main/scripts/acceptance_report_module_delivery_chain.py,_seed_posted_charge,function,55,
web-main,projects/web-main/scripts/acceptance_report_module_delivery_chain.py,_seed_output,function,72,
web-main,projects/web-main/scripts/acceptance_report_module_delivery_chain.py,_seed_task,function,121,
web-main,projects/web-main/scripts/acceptance_report_module_delivery_chain.py,_seed_qc_related_artifact,function,167,
web-main,projects/web-main/scripts/acceptance_report_module_delivery_chain.py,_mark_reviewed,function,202,
web-main,projects/web-main/scripts/acceptance_report_module_delivery_chain.py,_seed_excluded_epilepsy_task,function,212,
web-main,projects/web-main/scripts/acceptance_report_module_delivery_chain.py,_read_csv_rows,function,248,
web-main,projects/web-main/scripts/acceptance_report_module_delivery_chain.py,main,function,253,
web-main,projects/web-main/scripts/acceptance_report_release_gate.py,charge_preview,function,27,
web-main,projects/web-main/scripts/acceptance_report_release_gate.py,expect_http_error,function,34,
web-main,projects/web-main/scripts/acceptance_report_release_gate.py,main,function,44,
web-main,projects/web-main/scripts/acceptance_report_zip_contract.py,main,function,11,
web-main,projects/web-main/scripts/acceptance_results_report_readability_gate.py,visible_texts,function,29,
web-main,projects/web-main/scripts/acceptance_results_report_readability_gate.py,find_issues,function,47,
web-main,projects/web-main/scripts/acceptance_results_report_readability_gate.py,main,function,62,
web-main,projects/web-main/scripts/acceptance_review_system_all_environments.py,exists_from_root,function,48,
web-main,projects/web-main/scripts/acceptance_review_system_all_environments.py,main,function,59,
web-main,projects/web-main/scripts/acceptance_round006_pac_real_report_consumption.py,status,function,18,
web-main,projects/web-main/scripts/acceptance_round006_pac_real_report_consumption.py,load_json_from_zip,function,25,
web-main,projects/web-main/scripts/acceptance_round006_pac_real_report_consumption.py,load_text_from_zip,function,29,
web-main,projects/web-main/scripts/acceptance_round006_pac_real_report_consumption.py,read_csv_rows,function,33,
web-main,projects/web-main/scripts/acceptance_round006_pac_real_report_consumption.py,find_pac_prefix,function,37,
web-main,projects/web-main/scripts/acceptance_round006_pac_real_report_consumption.py,has_forbidden_positive_claim,function,50,
web-main,projects/web-main/scripts/acceptance_round006_pac_real_report_consumption.py,main,function,62,
web-main,projects/web-main/scripts/acceptance_round006_tfr_real_report_consumption.py,status,function,18,
web-main,projects/web-main/scripts/acceptance_round006_tfr_real_report_consumption.py,load_json_from_zip,function,25,
web-main,projects/web-main/scripts/acceptance_round006_tfr_real_report_consumption.py,load_text_from_zip,function,29,
web-main,projects/web-main/scripts/acceptance_round006_tfr_real_report_consumption.py,read_csv_rows,function,33,
web-main,projects/web-main/scripts/acceptance_round006_tfr_real_report_consumption.py,find_tfr_prefix,function,37,
web-main,projects/web-main/scripts/acceptance_round006_tfr_real_report_consumption.py,has_unsupported_claim,function,50,
web-main,projects/web-main/scripts/acceptance_round006_tfr_real_report_consumption.py,main,function,61,
web-main,projects/web-main/scripts/acceptance_round007_preprocessing_real_report_consumption.py,status,function,15,
web-main,projects/web-main/scripts/acceptance_round007_preprocessing_real_report_consumption.py,load_json_from_zip,function,22,
web-main,projects/web-main/scripts/acceptance_round007_preprocessing_real_report_consumption.py,text_blob,function,26,
web-main,projects/web-main/scripts/acceptance_round007_preprocessing_real_report_consumption.py,find_first,function,30,
web-main,projects/web-main/scripts/acceptance_round007_preprocessing_real_report_consumption.py,find_report_zip,function,37,
web-main,projects/web-main/scripts/acceptance_round007_preprocessing_real_report_consumption.py,has_any_key,function,44,
web-main,projects/web-main/scripts/acceptance_round007_preprocessing_real_report_consumption.py,main,function,54,
web-main,projects/web-main/scripts/acceptance_round008_erp_real_report_consumption.py,status,function,17,
web-main,projects/web-main/scripts/acceptance_round008_erp_real_report_consumption.py,load_json_from_zip,function,24,
web-main,projects/web-main/scripts/acceptance_round008_erp_real_report_consumption.py,find_erp_prefix,function,28,
web-main,projects/web-main/scripts/acceptance_round008_erp_real_report_consumption.py,read_metrics_rows,function,41,
web-main,projects/web-main/scripts/acceptance_round008_erp_real_report_consumption.py,main,function,46,
web-main,projects/web-main/scripts/acceptance_sanitized_review_package.py,scan_zip_text_members,function,59,
web-main,projects/web-main/scripts/acceptance_sanitized_review_package.py,main,function,91,
web-main,projects/web-main/scripts/acceptance_source_localization_preview.py,must,function,15,
web-main,projects/web-main/scripts/acceptance_source_localization_preview.py,read_text,function,20,
web-main,projects/web-main/scripts/acceptance_source_localization_preview.py,main,function,27,
web-main,projects/web-main/scripts/acceptance_stage_gated_review_policy.py,main,function,69,
web-main,projects/web-main/scripts/acceptance_start_here_release_review.py,main,function,36,
web-main,projects/web-main/scripts/acceptance_state_store_concurrency.py,worker,function,16,
web-main,projects/web-main/scripts/acceptance_state_store_concurrency.py,main,function,31,
web-main,projects/web-main/scripts/acceptance_subject_project_ownership.py,expect_http_error,function,16,
web-main,projects/web-main/scripts/acceptance_subject_project_ownership.py,main,function,26,
web-main,projects/web-main/scripts/acceptance_synthetic_edf_full_analysis_scientific_figures.py,set_evidence_root,function,38,
web-main,projects/web-main/scripts/acceptance_synthetic_edf_full_analysis_scientific_figures.py,ModuleCase,class,56,
web-main,projects/web-main/scripts/acceptance_synthetic_edf_full_analysis_scientific_figures.py,status,function,65,
web-main,projects/web-main/scripts/acceptance_synthetic_edf_full_analysis_scientific_figures.py,read_text,function,69,
web-main,projects/web-main/scripts/acceptance_synthetic_edf_full_analysis_scientific_figures.py,read_json,function,76,
web-main,projects/web-main/scripts/acceptance_synthetic_edf_full_analysis_scientific_figures.py,as_path,function,80,
web-main,projects/web-main/scripts/acceptance_synthetic_edf_full_analysis_scientific_figures.py,make_synthetic_edf,function,84,
web-main,projects/web-main/scripts/acceptance_synthetic_edf_full_analysis_scientific_figures.py,file_ok,function,92,
web-main,projects/web-main/scripts/acceptance_synthetic_edf_full_analysis_scientific_figures.py,module_cases,function,96,
web-main,projects/web-main/scripts/acceptance_synthetic_edf_full_analysis_scientific_figures.py,classify_figure,function,261,
web-main,projects/web-main/scripts/acceptance_synthetic_edf_full_analysis_scientific_figures.py,collect_module_text,function,311,
web-main,projects/web-main/scripts/acceptance_synthetic_edf_full_analysis_scientific_figures.py,run_module_case,function,321,
web-main,projects/web-main/scripts/acceptance_synthetic_edf_full_analysis_scientific_figures.py,write_summary,function,379,
web-main,projects/web-main/scripts/acceptance_synthetic_edf_full_analysis_scientific_figures.py,write_validator_ready_audit,function,399,
web-main,projects/web-main/scripts/acceptance_synthetic_edf_full_analysis_scientific_figures.py,main,function,474,
web-main,projects/web-main/scripts/acceptance_synthetic_erp_p300.py,build_p300_fif,function,17,
web-main,projects/web-main/scripts/acceptance_synthetic_erp_p300.py,_load_metrics,function,57,
web-main,projects/web-main/scripts/acceptance_synthetic_erp_p300.py,_component_mean,function,62,
web-main,projects/web-main/scripts/acceptance_synthetic_erp_p300.py,main,function,73,
web-main,projects/web-main/scripts/acceptance_task_queue_capacity.py,write_evidence,function,13,
web-main,projects/web-main/scripts/acceptance_task_queue_capacity.py,main,function,20,
web-main,projects/web-main/scripts/acceptance_task_queue_capacity.py,fake_runner,function,88,
web-main,projects/web-main/scripts/acceptance_teaching_mode_protection.py,_as_detail,function,21,
web-main,projects/web-main/scripts/acceptance_teaching_mode_protection.py,_expect_protected,function,28,
web-main,projects/web-main/scripts/acceptance_teaching_mode_protection.py,_expect_http_detail_code,function,43,
web-main,projects/web-main/scripts/acceptance_teaching_mode_protection.py,_payload_count,function,59,
web-main,projects/web-main/scripts/acceptance_teaching_mode_protection.py,main,function,63,
web-main,projects/web-main/scripts/acceptance_tfr_module.py,_assert_file,function,24,
web-main,projects/web-main/scripts/acceptance_tfr_module.py,main,function,29,
web-main,projects/web-main/scripts/acceptance_utf8_text_preflight.py,run_check,function,21,
web-main,projects/web-main/scripts/acceptance_utf8_text_preflight.py,main,function,30,
web-main,projects/web-main/scripts/acceptance_v01_full.py,record,function,27,
web-main,projects/web-main/scripts/acceptance_v01_full.py,assert_status,function,33,
web-main,projects/web-main/scripts/acceptance_v01_full.py,auth_headers,function,40,
web-main,projects/web-main/scripts/acceptance_v01_full.py,demo_customer_headers,function,44,
web-main,projects/web-main/scripts/acceptance_v01_full.py,assert_contract_artifacts,function,55,
web-main,projects/web-main/scripts/acceptance_v01_full.py,build_fif,function,82,
web-main,projects/web-main/scripts/acceptance_v01_full.py,upload_file,function,104,
web-main,projects/web-main/scripts/acceptance_v01_full.py,confirm_data_preparation_plan,function,118,
web-main,projects/web-main/scripts/acceptance_v01_full.py,with_preparation,function,137,
web-main,projects/web-main/scripts/acceptance_v01_full.py,run_task,function,145,
web-main,projects/web-main/scripts/acceptance_v01_full.py,main,function,172,
web-main,projects/web-main/scripts/acceptance_v01_no_group_statistics_boundary.py,read_json,function,76,
web-main,projects/web-main/scripts/acceptance_v01_no_group_statistics_boundary.py,is_allowed_boundary,function,80,
web-main,projects/web-main/scripts/acceptance_v01_no_group_statistics_boundary.py,line_findings,function,86,
web-main,projects/web-main/scripts/acceptance_v01_no_group_statistics_boundary.py,find_report_zip,function,107,
web-main,projects/web-main/scripts/acceptance_v01_no_group_statistics_boundary.py,scan_report_zip,function,115,
web-main,projects/web-main/scripts/acceptance_v01_no_group_statistics_boundary.py,main,function,136,
web-main,projects/web-main/scripts/acceptance_v01_persistence.py,assert_true,function,18,
web-main,projects/web-main/scripts/acceptance_v01_persistence.py,main,function,23,
web-main,projects/web-main/scripts/acceptance_v01_worker_core.py,make_raw,function,24,
web-main,projects/web-main/scripts/acceptance_v01_worker_core.py,require,function,36,
web-main,projects/web-main/scripts/acceptance_v01_worker_core.py,require_output_contract,function,41,
web-main,projects/web-main/scripts/acceptance_v01_worker_core.py,main,function,65,
web-main,projects/web-main/scripts/acceptance_virtual_reviewer_round_005.py,read_json,function,20,
web-main,projects/web-main/scripts/acceptance_virtual_reviewer_round_005.py,write_json,function,24,
web-main,projects/web-main/scripts/acceptance_virtual_reviewer_round_005.py,load_jsonl,function,29,
web-main,projects/web-main/scripts/acceptance_virtual_reviewer_round_005.py,find_report_bundle,function,43,
web-main,projects/web-main/scripts/acceptance_virtual_reviewer_round_005.py,zip_text,function,57,
web-main,projects/web-main/scripts/acceptance_virtual_reviewer_round_005.py,zip_json,function,63,
web-main,projects/web-main/scripts/acceptance_virtual_reviewer_round_005.py,flatten,function,73,
web-main,projects/web-main/scripts/acceptance_virtual_reviewer_round_005.py,extract_pdf_text,function,81,
web-main,projects/web-main/scripts/acceptance_virtual_reviewer_round_005.py,status_item,function,94,
web-main,projects/web-main/scripts/acceptance_virtual_reviewer_round_005.py,forbidden_diagnostic_claim,function,103,
web-main,projects/web-main/scripts/acceptance_virtual_reviewer_round_005.py,evaluate_vr_eo_0014,function,115,
web-main,projects/web-main/scripts/acceptance_virtual_reviewer_round_005.py,evaluate_vr_eo_0015,function,217,
web-main,projects/web-main/scripts/acceptance_virtual_reviewer_round_005.py,evaluate_vr_eo_0016,function,282,
web-main,projects/web-main/scripts/acceptance_virtual_reviewer_round_005.py,main,function,338,
web-main,projects/web-main/scripts/acceptance_virtual_reviewer_round_006.py,read_jsonl,function,19,
web-main,projects/web-main/scripts/acceptance_virtual_reviewer_round_006.py,write_json,function,33,
web-main,projects/web-main/scripts/acceptance_virtual_reviewer_round_006.py,status_item,function,39,
web-main,projects/web-main/scripts/acceptance_virtual_reviewer_round_006.py,has_any_claim,function,48,
web-main,projects/web-main/scripts/acceptance_virtual_reviewer_round_006.py,build_synthetic_fixtures,function,52,
web-main,projects/web-main/scripts/acceptance_virtual_reviewer_round_006.py,evaluate_tfr,function,140,
web-main,projects/web-main/scripts/acceptance_virtual_reviewer_round_006.py,evaluate_connectivity,function,164,
web-main,projects/web-main/scripts/acceptance_virtual_reviewer_round_006.py,evaluate_pac_source,function,183,
web-main,projects/web-main/scripts/acceptance_virtual_reviewer_round_006.py,summarize_pair,function,202,
web-main,projects/web-main/scripts/acceptance_virtual_reviewer_round_006.py,main,function,212,
web-main,projects/web-main/scripts/acceptance_virtual_reviewer_round_008.py,read_jsonl,function,19,
web-main,projects/web-main/scripts/acceptance_virtual_reviewer_round_008.py,write_json,function,33,
web-main,projects/web-main/scripts/acceptance_virtual_reviewer_round_008.py,status_item,function,39,
web-main,projects/web-main/scripts/acceptance_virtual_reviewer_round_008.py,has_forbidden_claim,function,48,
web-main,projects/web-main/scripts/acceptance_virtual_reviewer_round_008.py,build_synthetic_fixtures,function,52,
web-main,projects/web-main/scripts/acceptance_virtual_reviewer_round_008.py,evaluate_erp,function,132,
web-main,projects/web-main/scripts/acceptance_virtual_reviewer_round_008.py,evaluate_grand_average,function,156,
web-main,projects/web-main/scripts/acceptance_virtual_reviewer_round_008.py,evaluate_cluster,function,176,
web-main,projects/web-main/scripts/acceptance_virtual_reviewer_round_008.py,summarize_pair,function,204,
web-main,projects/web-main/scripts/acceptance_virtual_reviewer_round_008.py,main,function,214,
web-main,projects/web-main/scripts/acceptance_visual_layout_design_spec.py,utc_now,function,58,
web-main,projects/web-main/scripts/acceptance_visual_layout_design_spec.py,main,function,62,
web-main,projects/web-main/scripts/aliyun_staging_preflight.py,utc_now,function,62,
web-main,projects/web-main/scripts/aliyun_staging_preflight.py,write_json,function,66,
web-main,projects/web-main/scripts/aliyun_staging_preflight.py,env_status,function,71,
web-main,projects/web-main/scripts/aliyun_staging_preflight.py,add_check,function,76,
web-main,projects/web-main/scripts/aliyun_staging_preflight.py,summarize,function,80,
web-main,projects/web-main/scripts/aliyun_staging_preflight.py,is_valid_http_url,function,88,
web-main,projects/web-main/scripts/aliyun_staging_preflight.py,load_json,function,93,
web-main,projects/web-main/scripts/aliyun_staging_preflight.py,main,function,100,
web-main,projects/web-main/scripts/audit_qgcs_07_goal_completion.py,load_status,function,17,
web-main,projects/web-main/scripts/audit_qgcs_07_goal_completion.py,main,function,25,
web-main,projects/web-main/scripts/build_07a_review_system_packet.py,load_json,function,46,
web-main,projects/web-main/scripts/build_07a_review_system_packet.py,status_from,function,50,
web-main,projects/web-main/scripts/build_07a_review_system_packet.py,utc_now,function,54,
web-main,projects/web-main/scripts/build_07a_review_system_packet.py,write_csv,function,58,
web-main,projects/web-main/scripts/build_07a_review_system_packet.py,write_md_table,function,65,
web-main,projects/web-main/scripts/build_07a_review_system_packet.py,main,function,76,
web-main,projects/web-main/scripts/build_aliyun_owner_input_checklist.py,utc_now,function,15,
web-main,projects/web-main/scripts/build_aliyun_owner_input_checklist.py,load_json,function,19,
web-main,projects/web-main/scripts/build_aliyun_owner_input_checklist.py,list_values,function,23,
web-main,projects/web-main/scripts/build_aliyun_owner_input_checklist.py,render_check,function,30,
web-main,projects/web-main/scripts/build_aliyun_owner_input_checklist.py,main,function,48,
web-main,projects/web-main/scripts/build_current_modules_teaching_mode_acceptance_packet.py,now_iso,function,40,
web-main,projects/web-main/scripts/build_current_modules_teaching_mode_acceptance_packet.py,rel,function,44,
web-main,projects/web-main/scripts/build_current_modules_teaching_mode_acceptance_packet.py,read_json,function,51,
web-main,projects/web-main/scripts/build_current_modules_teaching_mode_acceptance_packet.py,doc_status,function,57,
web-main,projects/web-main/scripts/build_current_modules_teaching_mode_acceptance_packet.py,status_of_json,function,71,
web-main,projects/web-main/scripts/build_current_modules_teaching_mode_acceptance_packet.py,count_failures,function,84,
web-main,projects/web-main/scripts/build_current_modules_teaching_mode_acceptance_packet.py,build_packet,function,99,
web-main,projects/web-main/scripts/build_current_modules_teaching_mode_acceptance_packet.py,build_markdown,function,211,
web-main,projects/web-main/scripts/build_current_modules_teaching_mode_acceptance_packet.py,main,function,256,
web-main,projects/web-main/scripts/build_current_modules_teaching_mode_docs.py,write,function,13,
web-main,projects/web-main/scripts/build_current_modules_teaching_mode_docs.py,main,function,985,
web-main,projects/web-main/scripts/build_customer_oddball_case_assets.py,utc_now,function,40,
web-main,projects/web-main/scripts/build_customer_oddball_case_assets.py,sha256_file,function,44,
web-main,projects/web-main/scripts/build_customer_oddball_case_assets.py,read_tsv,function,52,
web-main,projects/web-main/scripts/build_customer_oddball_case_assets.py,ensure_dir,function,57,
web-main,projects/web-main/scripts/build_customer_oddball_case_assets.py,copy_static_assets,function,61,
web-main,projects/web-main/scripts/build_customer_oddball_case_assets.py,generate_erp_plot,function,83,
web-main,projects/web-main/scripts/build_customer_oddball_case_assets.py,generate_topomap_plot,function,124,
web-main,projects/web-main/scripts/build_customer_oddball_case_assets.py,write_manifest,function,165,
web-main,projects/web-main/scripts/build_customer_oddball_case_assets.py,build_package,function,195,
web-main,projects/web-main/scripts/build_customer_oddball_case_assets.py,main,function,207,
web-main,projects/web-main/scripts/build_data_prep_analysis_entry_consistency_acceptance_packet.py,rel,function,13,
web-main,projects/web-main/scripts/build_data_prep_analysis_entry_consistency_acceptance_packet.py,read_json,function,17,
web-main,projects/web-main/scripts/build_data_prep_analysis_entry_consistency_acceptance_packet.py,exists_nonempty,function,22,
web-main,projects/web-main/scripts/build_data_prep_analysis_entry_consistency_acceptance_packet.py,check_json_status,function,26,
web-main,projects/web-main/scripts/build_data_prep_analysis_entry_consistency_acceptance_packet.py,summarize_payload,function,34,
web-main,projects/web-main/scripts/build_data_prep_analysis_entry_consistency_acceptance_packet.py,main,function,58,
web-main,projects/web-main/scripts/build_data_prep_analysis_entry_consistency_docs.py,now,function,24,
web-main,projects/web-main/scripts/build_data_prep_analysis_entry_consistency_docs.py,rel,function,28,
web-main,projects/web-main/scripts/build_data_prep_analysis_entry_consistency_docs.py,write,function,32,
web-main,projects/web-main/scripts/build_data_prep_analysis_entry_consistency_docs.py,copy_screenshots,function,37,
web-main,projects/web-main/scripts/build_data_prep_analysis_entry_consistency_docs.py,requirements_doc,function,60,
web-main,projects/web-main/scripts/build_data_prep_analysis_entry_consistency_docs.py,design_doc,function,193,
web-main,projects/web-main/scripts/build_data_prep_analysis_entry_consistency_docs.py,ui_doc,function,361,
web-main,projects/web-main/scripts/build_data_prep_analysis_entry_consistency_docs.py,test_doc,function,497,
web-main,projects/web-main/scripts/build_data_prep_analysis_entry_consistency_docs.py,execution_packet,function,578,
web-main,projects/web-main/scripts/build_data_prep_analysis_entry_consistency_docs.py,deepseek_prompt,function,641,
web-main,projects/web-main/scripts/build_data_prep_analysis_entry_consistency_docs.py,main,function,678,
web-main,projects/web-main/scripts/build_full_product_e2e_acceptance_packet.py,now_iso,function,58,
web-main,projects/web-main/scripts/build_full_product_e2e_acceptance_packet.py,rel,function,62,
web-main,projects/web-main/scripts/build_full_product_e2e_acceptance_packet.py,read_json,function,70,
web-main,projects/web-main/scripts/build_full_product_e2e_acceptance_packet.py,write_json,function,76,
web-main,projects/web-main/scripts/build_full_product_e2e_acceptance_packet.py,status_of,function,81,
web-main,projects/web-main/scripts/build_full_product_e2e_acceptance_packet.py,find_report_zip,function,88,
web-main,projects/web-main/scripts/build_full_product_e2e_acceptance_packet.py,inspect_report_zip,function,97,
web-main,projects/web-main/scripts/build_full_product_e2e_acceptance_packet.py,scan_report_claims,function,128,
web-main,projects/web-main/scripts/build_full_product_e2e_acceptance_packet.py,check,function,160,
web-main,projects/web-main/scripts/build_full_product_e2e_acceptance_packet.py,check_scientific_figure_audit,function,175,
web-main,projects/web-main/scripts/build_full_product_e2e_acceptance_packet.py,check_copy_governance,function,192,
web-main,projects/web-main/scripts/build_full_product_e2e_acceptance_packet.py,copy_governance_status,function,211,
web-main,projects/web-main/scripts/build_full_product_e2e_acceptance_packet.py,build_markdown,function,220,
web-main,projects/web-main/scripts/build_full_product_e2e_acceptance_packet.py,main,function,263,
web-main,projects/web-main/scripts/build_full_product_e2e_pdca_packet.py,now_iso,function,112,
web-main,projects/web-main/scripts/build_full_product_e2e_pdca_packet.py,rel,function,116,
web-main,projects/web-main/scripts/build_full_product_e2e_pdca_packet.py,write_json,function,120,
web-main,projects/web-main/scripts/build_full_product_e2e_pdca_packet.py,sha256_file,function,125,
web-main,projects/web-main/scripts/build_full_product_e2e_pdca_packet.py,git_status_for,function,135,
web-main,projects/web-main/scripts/build_full_product_e2e_pdca_packet.py,build_docs_status,function,150,
web-main,projects/web-main/scripts/build_full_product_e2e_pdca_packet.py,inventory_pages,function,166,
web-main,projects/web-main/scripts/build_full_product_e2e_pdca_packet.py,inventory_backend_routes,function,191,
web-main,projects/web-main/scripts/build_full_product_e2e_pdca_packet.py,_imports_and_functions,function,214,
web-main,projects/web-main/scripts/build_full_product_e2e_pdca_packet.py,workflow_templates,function,232,
web-main,projects/web-main/scripts/build_full_product_e2e_pdca_packet.py,inventory_methods,function,245,
web-main,projects/web-main/scripts/build_full_product_e2e_pdca_packet.py,build_deepseek_prompt,function,285,
web-main,projects/web-main/scripts/build_full_product_e2e_pdca_packet.py,main,function,329,
web-main,projects/web-main/scripts/build_module_lab_mainline_acceptance_packet.py,now_iso,function,222,
web-main,projects/web-main/scripts/build_module_lab_mainline_acceptance_packet.py,resolve_path,function,226,
web-main,projects/web-main/scripts/build_module_lab_mainline_acceptance_packet.py,read_text_if_exists,function,233,
web-main,projects/web-main/scripts/build_module_lab_mainline_acceptance_packet.py,read_json_if_exists,function,240,
web-main,projects/web-main/scripts/build_module_lab_mainline_acceptance_packet.py,git_status_for,function,247,
web-main,projects/web-main/scripts/build_module_lab_mainline_acceptance_packet.py,git_diff_names,function,268,
web-main,projects/web-main/scripts/build_module_lab_mainline_acceptance_packet.py,protected_route_hits,function,284,
web-main,projects/web-main/scripts/build_module_lab_mainline_acceptance_packet.py,summarise_visible_fields,function,289,
web-main,projects/web-main/scripts/build_module_lab_mainline_acceptance_packet.py,summarise_grouped_e2e,function,307,
web-main,projects/web-main/scripts/build_module_lab_mainline_acceptance_packet.py,summarise_bandpower_epilepsy,function,322,
web-main,projects/web-main/scripts/build_module_lab_mainline_acceptance_packet.py,summarise_epilepsy_std_e2e,function,348,
web-main,projects/web-main/scripts/build_module_lab_mainline_acceptance_packet.py,evidence_record,function,365,
web-main,projects/web-main/scripts/build_module_lab_mainline_acceptance_packet.py,evidence_passed,function,399,
web-main,projects/web-main/scripts/build_module_lab_mainline_acceptance_packet.py,doc_record,function,403,
web-main,projects/web-main/scripts/build_module_lab_mainline_acceptance_packet.py,build_manifest,function,415,
web-main,projects/web-main/scripts/build_module_lab_mainline_acceptance_packet.py,build_packet,function,478,
web-main,projects/web-main/scripts/build_module_lab_mainline_acceptance_packet.py,build_markdown,function,597,
web-main,projects/web-main/scripts/build_module_lab_mainline_acceptance_packet.py,main,function,679,
web-main,projects/web-main/scripts/build_p0_synthetic_fixtures.py,main,function,18,
web-main,projects/web-main/scripts/build_p0_synthetic_fixtures.py,_build_raw,function,57,
web-main,projects/web-main/scripts/build_p0_synthetic_fixtures.py,_write_module_artifacts,function,102,
web-main,projects/web-main/scripts/build_p0_synthetic_fixtures.py,_write_json,function,136,
web-main,projects/web-main/scripts/build_p0_synthetic_fixtures.py,_write_csv,function,140,
web-main,projects/web-main/scripts/build_p0_synthetic_fixtures.py,_file_meta,function,147,
web-main,projects/web-main/scripts/build_pac_beta_synthetic_fixture.py,sha256_file,function,34,
web-main,projects/web-main/scripts/build_pac_beta_synthetic_fixture.py,write_json,function,42,
web-main,projects/web-main/scripts/build_pac_beta_synthetic_fixture.py,write_csv,function,47,
web-main,projects/web-main/scripts/build_pac_beta_synthetic_fixture.py,write_svg,function,55,
web-main,projects/web-main/scripts/build_pac_beta_synthetic_fixture.py,build_raw,function,70,
web-main,projects/web-main/scripts/build_pac_beta_synthetic_fixture.py,synthetic_mi,function,101,
web-main,projects/web-main/scripts/build_pac_beta_synthetic_fixture.py,build_artifact_case,function,109,
web-main,projects/web-main/scripts/build_pac_beta_synthetic_fixture.py,build_negative_cases,function,269,
web-main,projects/web-main/scripts/build_pac_beta_synthetic_fixture.py,main,function,283,
web-main,projects/web-main/scripts/build_real_dataset_owner_review_packet.py,utc_now,function,49,
web-main,projects/web-main/scripts/build_real_dataset_owner_review_packet.py,rel,function,53,
web-main,projects/web-main/scripts/build_real_dataset_owner_review_packet.py,write_json,function,60,
web-main,projects/web-main/scripts/build_real_dataset_owner_review_packet.py,sha256_file,function,65,
web-main,projects/web-main/scripts/build_real_dataset_owner_review_packet.py,classify_candidate,function,75,
web-main,projects/web-main/scripts/build_real_dataset_owner_review_packet.py,scan_candidates,function,92,
web-main,projects/web-main/scripts/build_real_dataset_owner_review_packet.py,manifest_template,function,106,
web-main,projects/web-main/scripts/build_real_dataset_owner_review_packet.py,load_manifest,function,138,
web-main,projects/web-main/scripts/build_real_dataset_owner_review_packet.py,validate_manifest,function,144,
web-main,projects/web-main/scripts/build_real_dataset_owner_review_packet.py,render_checklist,function,229,
web-main,projects/web-main/scripts/build_real_dataset_owner_review_packet.py,main,function,278,
web-main,projects/web-main/scripts/build_release_gate_summary.py,utc_now,function,71,
web-main,projects/web-main/scripts/build_release_gate_summary.py,read_json,function,75,
web-main,projects/web-main/scripts/build_release_gate_summary.py,status_of,function,79,
web-main,projects/web-main/scripts/build_release_gate_summary.py,latest_checkpoint_json,function,87,
web-main,projects/web-main/scripts/build_release_gate_summary.py,summarize,function,95,
web-main,projects/web-main/scripts/build_release_gate_summary.py,write_markdown,function,425,
web-main,projects/web-main/scripts/build_release_gate_summary.py,main,function,571,
web-main,projects/web-main/scripts/build_sanitized_evidence_bundle.py,redact_text,function,50,
web-main,projects/web-main/scripts/build_sanitized_evidence_bundle.py,redact_json,function,57,
web-main,projects/web-main/scripts/build_sanitized_evidence_bundle.py,read_json,function,67,
web-main,projects/web-main/scripts/build_sanitized_evidence_bundle.py,write_json,function,71,
web-main,projects/web-main/scripts/build_sanitized_evidence_bundle.py,copy_redacted_text,function,76,
web-main,projects/web-main/scripts/build_sanitized_evidence_bundle.py,relative_under_root,function,82,
web-main,projects/web-main/scripts/build_sanitized_evidence_bundle.py,redaction_regions,function,89,
web-main,projects/web-main/scripts/build_sanitized_evidence_bundle.py,add,function,93,
web-main,projects/web-main/scripts/build_sanitized_evidence_bundle.py,sanitize_screenshot,function,130,
web-main,projects/web-main/scripts/build_sanitized_evidence_bundle.py,matches_prefix,function,152,
web-main,projects/web-main/scripts/build_sanitized_evidence_bundle.py,sanitize_screenshots,function,157,
web-main,projects/web-main/scripts/build_sanitized_evidence_bundle.py,build_bundle,function,186,
web-main,projects/web-main/scripts/build_sanitized_evidence_bundle.py,main,function,272,
web-main,projects/web-main/scripts/build_sanitized_review_package.py,utc_now,function,17,
web-main,projects/web-main/scripts/build_sanitized_review_package.py,sha256_file,function,21,
web-main,projects/web-main/scripts/build_sanitized_review_package.py,main,function,29,
web-main,projects/web-main/scripts/build_teaching_mode_independent_acceptance_packet.py,load_json,function,15,
web-main,projects/web-main/scripts/build_teaching_mode_independent_acceptance_packet.py,status_of,function,19,
web-main,projects/web-main/scripts/build_teaching_mode_independent_acceptance_packet.py,main,function,26,
web-main,projects/web-main/scripts/build_user_test_coverage_matrix.py,utc_now,function,68,
web-main,projects/web-main/scripts/build_user_test_coverage_matrix.py,read_json,function,72,
web-main,projects/web-main/scripts/build_user_test_coverage_matrix.py,main,function,78,
web-main,projects/web-main/scripts/check_no_mojibake.py,iter_files,function,29,
web-main,projects/web-main/scripts/check_no_mojibake.py,main,function,42,
web-main,projects/web-main/scripts/check_running_backend_contract.py,fetch_json,function,30,
web-main,projects/web-main/scripts/check_running_backend_contract.py,normalize_base_url,function,43,
web-main,projects/web-main/scripts/check_running_backend_contract.py,root_url,function,47,
web-main,projects/web-main/scripts/check_running_backend_contract.py,check_base_url,function,53,
web-main,projects/web-main/scripts/check_running_backend_contract.py,write_evidence,function,87,
web-main,projects/web-main/scripts/check_running_backend_contract.py,main,function,94,
web-main,projects/web-main/scripts/generate_epilepsy_demo_10min_64ch.py,build_data,function,26,
web-main,projects/web-main/scripts/generate_epilepsy_demo_10min_64ch.py,sha256,function,57,
web-main,projects/web-main/scripts/generate_epilepsy_demo_10min_64ch.py,main,function,65,
web-main,projects/web-main/scripts/generate_epilepsy_ml_trigger_fixture.py,candidate_epoch,function,29,
web-main,projects/web-main/scripts/generate_epilepsy_ml_trigger_fixture.py,quiet_epoch,function,41,
web-main,projects/web-main/scripts/generate_epilepsy_ml_trigger_fixture.py,main,function,49,
web-main,projects/web-main/scripts/generate_module_lab_grouped_methods_edf.py,main,function,23,
web-main,projects/web-main/scripts/generate_module_virtual_review_objects.py,main,function,29,
web-main,projects/web-main/scripts/generate_module_virtual_review_objects.py,_load_contracts,function,65,
web-main,projects/web-main/scripts/generate_module_virtual_review_objects.py,_interaction_case,function,74,
web-main,projects/web-main/scripts/generate_module_virtual_review_objects.py,_fixture_requirement,function,106,
web-main,projects/web-main/scripts/generate_module_virtual_review_objects.py,_expected_output_requirement,function,128,
web-main,projects/web-main/scripts/generate_module_virtual_review_objects.py,_artifact_checklist,function,147,
web-main,projects/web-main/scripts/generate_module_virtual_review_objects.py,_expected_ui_states,function,164,
web-main,projects/web-main/scripts/generate_module_virtual_review_objects.py,_expected_warnings,function,172,
web-main,projects/web-main/scripts/generate_module_virtual_review_objects.py,_blocking_criteria,function,185,
web-main,projects/web-main/scripts/generate_module_virtual_review_objects.py,_fixture_must_include,function,202,
web-main,projects/web-main/scripts/generate_module_virtual_review_objects.py,_schema_fields,function,218,
web-main,projects/web-main/scripts/generate_module_virtual_review_objects.py,_scientific_boundary_checks,function,241,
web-main,projects/web-main/scripts/generate_module_virtual_review_objects.py,_module_specific_checks,function,256,
web-main,projects/web-main/scripts/generate_multiple_teaching_demos.py,generate_normal_sleep_demo,function,26,
web-main,projects/web-main/scripts/generate_multiple_teaching_demos.py,generate_epilepsy_multiple_demo,function,76,
web-main,projects/web-main/scripts/generate_multiple_teaching_demos.py,generate_insomnia_demo,function,114,
web-main,projects/web-main/scripts/generate_multiple_teaching_demos.py,generate_rem_behavior_demo,function,165,
web-main,projects/web-main/scripts/generate_multiple_teaching_demos.py,generate_mixed_artifacts_demo,function,209,
web-main,projects/web-main/scripts/generate_multiple_teaching_demos.py,save_demo,function,257,
web-main,projects/web-main/scripts/generate_multiple_teaching_demos.py,main,function,279,
web-main,projects/web-main/scripts/generate_regular_epilepsy_labeled_fixture.py,candidate_epoch,function,57,
web-main,projects/web-main/scripts/generate_regular_epilepsy_labeled_fixture.py,quiet_epoch,function,69,
web-main,projects/web-main/scripts/generate_regular_epilepsy_labeled_fixture.py,find_trigger_candidate,function,77,
web-main,projects/web-main/scripts/generate_regular_epilepsy_labeled_fixture.py,build_signal,function,113,
web-main,projects/web-main/scripts/generate_regular_epilepsy_labeled_fixture.py,write_csv,function,158,
web-main,projects/web-main/scripts/generate_regular_epilepsy_labeled_fixture.py,write_fixture_files,function,165,
web-main,projects/web-main/scripts/generate_regular_epilepsy_labeled_fixture.py,read_csv_dicts,function,248,
web-main,projects/web-main/scripts/generate_regular_epilepsy_labeled_fixture.py,replay_algorithm,function,253,
web-main,projects/web-main/scripts/generate_regular_epilepsy_labeled_fixture.py,main,function,315,
web-main,projects/web-main/scripts/generate_research_module_assets.py,rel,function,16,
web-main,projects/web-main/scripts/generate_research_module_assets.py,j,function,17,
web-main,projects/web-main/scripts/generate_research_module_assets.py,t,function,18,
web-main,projects/web-main/scripts/generate_research_module_assets.py,csv,function,19,
web-main,projects/web-main/scripts/generate_research_module_assets.py,figsave,function,20,
web-main,projects/web-main/scripts/generate_research_module_assets.py,url,function,86,
web-main,projects/web-main/scripts/generate_teaching_demo_10min.py,generate_teaching_demo_eeg,function,24,
web-main,projects/web-main/scripts/generate_teaching_demo_10min.py,generate_wake_eeg,function,152,
web-main,projects/web-main/scripts/generate_teaching_demo_10min.py,generate_nrem12_eeg,function,166,
web-main,projects/web-main/scripts/generate_teaching_demo_10min.py,generate_nrem3_eeg,function,203,
web-main,projects/web-main/scripts/generate_teaching_demo_10min.py,generate_rem_eeg,function,215,
web-main,projects/web-main/scripts/generate_teaching_demo_10min.py,generate_seizure_eeg,function,240,
web-main,projects/web-main/scripts/generate_teaching_demo_10min.py,generate_postictal_eeg,function,259,
web-main,projects/web-main/scripts/generate_teaching_demo_10min.py,generate_emg,function,267,
web-main,projects/web-main/scripts/generate_teaching_demo_10min.py,generate_wake_acc,function,288,
web-main,projects/web-main/scripts/generate_teaching_demo_10min.py,generate_sleep_acc,function,306,
web-main,projects/web-main/scripts/generate_teaching_demo_10min.py,create_annotations,function,321,
web-main,projects/web-main/scripts/generate_teaching_oddball_case.py,_gaussian,function,39,
web-main,projects/web-main/scripts/generate_teaching_oddball_case.py,build_raw,function,43,
web-main,projects/web-main/scripts/generate_teaching_oddball_case.py,inject_event,function,73,
web-main,projects/web-main/scripts/generate_teaching_oddball_case.py,_read_csv_rows,function,103,
web-main,projects/web-main/scripts/generate_teaching_oddball_case.py,run_case,function,108,
web-main,projects/web-main/scripts/inventory_latest_edf_e2e_report_zip.py,main,function,21,
web-main,projects/web-main/scripts/launch_v01_merge9_virtual_users_10rounds.py,main,function,12,
web-main,projects/web-main/scripts/launch_v01_public_virtual_users.py,fetch,function,9,
web-main,projects/web-main/scripts/launch_v01_public_virtual_users.py,no_mojibake,function,22,
web-main,projects/web-main/scripts/launch_v01_public_virtual_users.py,score,function,27,
web-main,projects/web-main/scripts/launch_v01_public_virtual_users.py,main,function,32,
web-main,projects/web-main/scripts/launch_v01_virtual_users.py,read,function,23,
web-main,projects/web-main/scripts/launch_v01_virtual_users.py,no_mojibake,function,27,
web-main,projects/web-main/scripts/launch_v01_virtual_users.py,load_json,function,32,
web-main,projects/web-main/scripts/launch_v01_virtual_users.py,count_checks,function,41,
web-main,projects/web-main/scripts/launch_v01_virtual_users.py,iter_strings,function,50,
web-main,projects/web-main/scripts/launch_v01_virtual_users.py,has_manifest_suffix,function,67,
web-main,projects/web-main/scripts/launch_v01_virtual_users.py,score_persona,function,71,
web-main,projects/web-main/scripts/launch_v01_virtual_users.py,build_context,function,82,
web-main,projects/web-main/scripts/launch_v01_virtual_users.py,main,function,106,
web-main,projects/web-main/scripts/module_evidence_contract_adapter.py,read_json,function,13,
web-main,projects/web-main/scripts/module_evidence_contract_adapter.py,should_skip,function,20,
web-main,projects/web-main/scripts/module_evidence_contract_adapter.py,discover_evidence_files,function,24,
web-main,projects/web-main/scripts/module_evidence_contract_adapter.py,normalize_module,function,29,
web-main,projects/web-main/scripts/module_evidence_contract_adapter.py,build_markdown,function,59,
web-main,projects/web-main/scripts/module_evidence_contract_adapter.py,main,function,109,
web-main,projects/web-main/scripts/refresh_release_readiness_manifest.py,load_summary,function,246,
web-main,projects/web-main/scripts/refresh_release_readiness_manifest.py,main,function,264,
web-main,projects/web-main/scripts/render_aliyun_nginx_config.py,valid_host,function,14,
web-main,projects/web-main/scripts/render_aliyun_nginx_config.py,host_from_url_or_name,function,22,
web-main,projects/web-main/scripts/render_aliyun_nginx_config.py,render,function,29,
web-main,projects/web-main/scripts/render_aliyun_nginx_config.py,main,function,46,
web-main,projects/web-main/scripts/report_zip_evidence_matrix.py,nested,function,66,
web-main,projects/web-main/scripts/report_zip_evidence_matrix.py,read_json_from_zip,function,75,
web-main,projects/web-main/scripts/report_zip_evidence_matrix.py,build_matrix,function,79,
web-main,projects/web-main/scripts/report_zip_evidence_matrix.py,main,function,143,
web-main,projects/web-main/scripts/run_full_product_backend_api_smoke.py,now_iso,function,45,
web-main,projects/web-main/scripts/run_full_product_backend_api_smoke.py,rel,function,49,
web-main,projects/web-main/scripts/run_full_product_backend_api_smoke.py,compact_body,function,56,
web-main,projects/web-main/scripts/run_full_product_backend_api_smoke.py,call,function,72,
web-main,projects/web-main/scripts/run_full_product_backend_api_smoke.py,openapi_contract,function,113,
web-main,projects/web-main/scripts/run_full_product_backend_api_smoke.py,maybe_running_contract,function,133,
web-main,projects/web-main/scripts/run_full_product_backend_api_smoke.py,token_from_login,function,172,
web-main,projects/web-main/scripts/run_full_product_backend_api_smoke.py,main,function,180,
web-main,projects/web-main/scripts/run_full_product_e2e_preflight.py,now_iso,function,40,
web-main,projects/web-main/scripts/run_full_product_e2e_preflight.py,run_command,function,44,
web-main,projects/web-main/scripts/run_full_product_e2e_preflight.py,py_compile_check,function,77,
web-main,projects/web-main/scripts/run_full_product_e2e_preflight.py,http_check,function,109,
web-main,projects/web-main/scripts/run_full_product_e2e_preflight.py,main,function,139,
web-main,projects/web-main/scripts/run_full_product_method_source_comparison.py,now_iso,function,58,
web-main,projects/web-main/scripts/run_full_product_method_source_comparison.py,rel,function,62,
web-main,projects/web-main/scripts/run_full_product_method_source_comparison.py,read_json,function,70,
web-main,projects/web-main/scripts/run_full_product_method_source_comparison.py,write_json,function,76,
web-main,projects/web-main/scripts/run_full_product_method_source_comparison.py,sha256_file,function,81,
web-main,projects/web-main/scripts/run_full_product_method_source_comparison.py,source_token_hits,function,91,
web-main,projects/web-main/scripts/run_full_product_method_source_comparison.py,run_synthetic_analysis,function,113,
web-main,projects/web-main/scripts/run_full_product_method_source_comparison.py,build_fixture_manifest,function,126,
web-main,projects/web-main/scripts/run_full_product_method_source_comparison.py,copy_report_evidence,function,184,
web-main,projects/web-main/scripts/run_full_product_method_source_comparison.py,method_rows,function,213,
web-main,projects/web-main/scripts/run_full_product_method_source_comparison.py,deepseek_method_checks,function,278,
web-main,projects/web-main/scripts/run_full_product_method_source_comparison.py,main,function,318,
web-main,projects/web-main/scripts/run_he105_epilepsy_ml_chunked_regression.py,summarize_run,function,18,
web-main,projects/web-main/scripts/run_he105_epilepsy_ml_chunked_regression.py,main,function,58,
web-main,projects/web-main/scripts/run_module_lab_acceptance_stack.py,now_iso,function,23,
web-main,projects/web-main/scripts/run_module_lab_acceptance_stack.py,write_evidence,function,27,
web-main,projects/web-main/scripts/run_module_lab_acceptance_stack.py,health_json,function,32,
web-main,projects/web-main/scripts/run_module_lab_acceptance_stack.py,fetch_text,function,42,
web-main,projects/web-main/scripts/run_module_lab_acceptance_stack.py,wait_for_health,function,52,
web-main,projects/web-main/scripts/run_module_lab_acceptance_stack.py,wait_for_frontend,function,62,
web-main,projects/web-main/scripts/run_module_lab_acceptance_stack.py,run_command,function,72,
web-main,projects/web-main/scripts/run_module_lab_acceptance_stack.py,start_backend,function,96,
web-main,projects/web-main/scripts/run_module_lab_acceptance_stack.py,start_frontend,function,132,
web-main,projects/web-main/scripts/run_module_lab_acceptance_stack.py,main,function,164,
web-main,projects/web-main/scripts/run_real_dataset_regression_from_manifest.py,utc_now,function,59,
web-main,projects/web-main/scripts/run_real_dataset_regression_from_manifest.py,rel,function,63,
web-main,projects/web-main/scripts/run_real_dataset_regression_from_manifest.py,write_json,function,71,
web-main,projects/web-main/scripts/run_real_dataset_regression_from_manifest.py,read_json,function,76,
web-main,projects/web-main/scripts/run_real_dataset_regression_from_manifest.py,sha256_file,function,82,
web-main,projects/web-main/scripts/run_real_dataset_regression_from_manifest.py,safe_id,function,92,
web-main,projects/web-main/scripts/run_real_dataset_regression_from_manifest.py,run_input_gate,function,97,
web-main,projects/web-main/scripts/run_real_dataset_regression_from_manifest.py,blocked_outputs,function,117,
web-main,projects/web-main/scripts/run_real_dataset_regression_from_manifest.py,normalize_allowed_methods,function,145,
web-main,projects/web-main/scripts/run_real_dataset_regression_from_manifest.py,has_events,function,156,
web-main,projects/web-main/scripts/run_real_dataset_regression_from_manifest.py,method_spec,function,160,
web-main,projects/web-main/scripts/run_real_dataset_regression_from_manifest.py,upsert_regression_project,function,230,
web-main,projects/web-main/scripts/run_real_dataset_regression_from_manifest.py,register_dataset,function,245,
web-main,projects/web-main/scripts/run_real_dataset_regression_from_manifest.py,run_method,function,304,
web-main,projects/web-main/scripts/run_real_dataset_regression_from_manifest.py,create_report_for_task,function,360,
web-main,projects/web-main/scripts/run_real_dataset_regression_from_manifest.py,inspect_report_package,function,395,
web-main,projects/web-main/scripts/run_real_dataset_regression_from_manifest.py,scan_report_claims,function,412,
web-main,projects/web-main/scripts/run_real_dataset_regression_from_manifest.py,run_regression,function,435,
web-main,projects/web-main/scripts/run_real_dataset_regression_from_manifest.py,final_packet_from,function,517,
web-main,projects/web-main/scripts/run_real_dataset_regression_from_manifest.py,main,function,560,
web-main,projects/web-main/scripts/run_release_review_gate.py,utc_now,function,18,
web-main,projects/web-main/scripts/run_release_review_gate.py,run_step,function,22,
web-main,projects/web-main/scripts/run_release_review_gate.py,run_step_spec,function,79,
web-main,projects/web-main/scripts/run_release_review_gate.py,latest_checkpoint_json,function,85,
web-main,projects/web-main/scripts/run_release_review_gate.py,main,function,92,
web-main,projects/web-main/scripts/run_strict_cloud_gate_sequence.py,utc,function,14,
web-main,projects/web-main/scripts/run_strict_cloud_gate_sequence.py,run,function,15,
web-main,projects/web-main/scripts/run_strict_cloud_gate_sequence.py,main,function,21,
web-main,projects/web-main/scripts/smoke_v01_api.py,build_sample_fif,function,18,
web-main,projects/web-main/scripts/smoke_v01_api.py,main,function,41,
web-main,projects/web-main/scripts/validate_aliyun_evidence_templates.py,scan_text,function,17,
web-main,projects/web-main/scripts/validate_aliyun_evidence_templates.py,validate_file,function,19,
web-main,projects/web-main/scripts/validate_aliyun_evidence_templates.py,main,function,31,
web-main,projects/web-main/scripts/validate_checkpoint_packet_access.py,get_alias,function,32,
web-main,projects/web-main/scripts/validate_checkpoint_packet_access.py,load_json,function,36,
web-main,projects/web-main/scripts/validate_checkpoint_packet_access.py,validate_md,function,40,
web-main,projects/web-main/scripts/validate_checkpoint_packet_access.py,validate_json,function,48,
web-main,projects/web-main/scripts/validate_checkpoint_packet_access.py,main,function,70,
web-main,projects/web-main/scripts/validate_epilepsy_ml_assets.py,main,function,15,
web-main,projects/web-main/scripts/validate_epoch_set_artifact.py,load_json,function,28,
web-main,projects/web-main/scripts/validate_epoch_set_artifact.py,find_manifest_path,function,32,
web-main,projects/web-main/scripts/validate_epoch_set_artifact.py,main,function,47,
web-main,projects/web-main/scripts/validate_owner_cloudops_closure_pack.py,main,function,7,
web-main,projects/web-main/scripts/validate_owner_review_final_index.py,main,function,5,
web-main,projects/web-main/scripts/validate_p0_module_artifacts.py,main,function,20,
web-main,projects/web-main/scripts/validate_p0_module_artifacts.py,validate,function,35,
web-main,projects/web-main/scripts/validate_p0_module_artifacts.py,_validate_psd,function,79,
web-main,projects/web-main/scripts/validate_p0_module_artifacts.py,_scan_boundary_text,function,96,
web-main,projects/web-main/scripts/validate_p0_module_artifacts.py,_read_json,function,111,
web-main,projects/web-main/scripts/validate_p0_module_artifacts.py,_require_file,function,118,
web-main,projects/web-main/scripts/validate_p0_module_artifacts.py,_require_field,function,123,
web-main,projects/web-main/scripts/validate_pac_beta_artifacts.py,read_json,function,56,
web-main,projects/web-main/scripts/validate_pac_beta_artifacts.py,csv_rows,function,60,
web-main,projects/web-main/scripts/validate_pac_beta_artifacts.py,extract_if_zip,function,66,
web-main,projects/web-main/scripts/validate_pac_beta_artifacts.py,scan_forbidden,function,75,
web-main,projects/web-main/scripts/validate_pac_beta_artifacts.py,validate,function,95,
web-main,projects/web-main/scripts/validate_pac_beta_artifacts.py,main,function,182,
web-main,projects/web-main/scripts/validate_teaching_epilepsy_protection.py,main,function,16,
web-main,projects/web-main/scripts/validate_vr_itc_0009_pdf_boundary.py,main,function,36,
web-main,projects/web-main/scripts/validate_vr_itc_0009_pdf_boundary.py,validate_artifact,function,54,
web-main,projects/web-main/scripts/validate_vr_itc_0009_pdf_boundary.py,_load_artifact,function,177,
web-main,projects/web-main/scripts/validate_vr_itc_0009_pdf_boundary.py,_scan_forbidden,function,199,
web-main,projects/web-main/scripts/validate_vr_itc_0009_pdf_boundary.py,_sha256_text,function,215,
web-main,projects/web-main/scripts/write_checkpoint_packet.py,ReviewAccess,class,15,
web-main,projects/web-main/scripts/write_checkpoint_packet.py,CheckpointPacket,class,26,
web-main,projects/web-main/scripts/write_checkpoint_packet.py,utc_now,function,36,
web-main,projects/web-main/scripts/write_checkpoint_packet.py,render_markdown,function,40,
web-main,projects/web-main/scripts/write_checkpoint_packet.py,build_packet,function,72,
web-main,projects/web-main/scripts/write_checkpoint_packet.py,main,function,119,
web-main,projects/web-main/worker/celery_app.py,LocalWorkerApp,class,1,
web-main,projects/web-main/worker/tasks/epilepsy.py,run_task,function,4,
web-main,projects/web-main/worker/tasks/epilepsy_ml.py,run_task,function,4,
web-main,projects/web-main/worker/tasks/erp.py,run_task,function,4,
web-main,projects/web-main/worker/tasks/metadata.py,extract_metadata,function,4,
web-main,projects/web-main/worker/tasks/preprocess.py,run_task,function,4,
web-main,projects/web-main/worker/tasks/psd.py,run_task,function,4,
web-main,projects/web-main/worker/tasks/report.py,run_task,function,4,
